:020000043418AE
:1004000040FC1834611D18345B6F18344D1D1834CE
:100410004D1D18344D1D18344D1D18344D1D183404
:10042000000000000000000000000000D11E183491
:100430004D1D183400000000711E18342D42183470
:100440002520183425201834252018342520183468
:100450002520183425201834252018342520183458
:100460002520183425201834252018342520183448
:100470002520183425201834252018342520183438
:100480002520183425201834252018342520183428
:100490002520183425201834252018342520183418
:1004A0002520183425201834252018342520183408
:1004B00025201834252018342520183425201834F8
:1004C00025201834252018342520183425201834E8
:1004D00025201834252018342520183425201834D8
:1004E00025201834252018342520183425201834C8
:1004F00025201834252018342520183425201834B8
:1005000025201834252018342520183425201834A7
:100510002520183425201834252018342520183497
:100520002520183425201834252018342520183487
:100530002520183425201834252018342520183477
:100540002520183425201834252018342520183467
:100550002520183425201834252018342520183457
:100560002520183425201834252018342520183447
:100570002520183425201834252018342520183437
:100580002520183425201834252018342520183427
:100590002520183425201834252018342520183417
:1005A0002520183425201834252018342520183407
:1005B00025201834252018342520183425201834F7
:1005C00025201834252018342520183425201834E7
:1005D00025201834252018342520183425201834D7
:1005E00025201834252018342520183425201834C7
:1005F00025201834252018342520183425201834B7
:1006000025201834252018342520183425201834A6
:100610002520183425201834252018342520183496
:100620002520183425201834252018342520183486
:100630002520183425201834252018342520183476
:100640002520183425201834252018342520183466
:100650002520183425201834252018342520183456
:100660002520183425201834252018342520183446
:100670002520183425201834252018342520183436
:100680002520183425201834252018342520183426
:100690002520183425201834252018342520183416
:1006A0002520183425201834252018342520183406
:1006B00025201834252018342520183425201834F6
:1006C00025201834252018342520183425201834E6
:1006D00025201834252018342520183425201834D6
:1006E00025201834252018342520183425201834C6
:1006F00025201834252018342520183425201834B6
:1007000025201834252018342520183425201834A5
:100710002520183425201834252018342520183495
:100720002520183425201834252018342520183485
:100730002520183425201834252018342520183475
:0807400025201834252018348F
:1007480080F0004002E000BF81F0004142001FBF7E
:100758005FEA410392EA030F7FEA226C7FEA236C87
:100768006AD04FEA1262D2EB1363C1BFD21841407C
:1007780048404140B8BF5B42192B88BF704710F012
:10078800004F40F4000020F07F4018BF404211F0B5
:10079800004F41F4000121F07F4118BF494292EA1D
:1007A800030F3FD0A2F1010241FA03FC10EB0C0049
:1007B800C3F1200301FA03F100F0004302D54942D6
:1007C80060EB4000B0F5000F13D3B0F1807F06D383
:1007D80040084FEA310102F10102FE2A51D2B1F17B
:1007E800004F40EBC25008BF20F0010040EA030070
:1007F8007047490040EB0000013A28BFB0F5000FF0
:10080800EDD2B0FA80FCACF1080CB2EB0C0200FAA5
:100818000CF0AABF00EBC25052421843BCBFD040F4
:100828001843704792F0000F81F4000106BF80F46E
:1008380000000132013BB5E74FEA41037FEA226C31
:1008480018BF7FEA236C21D092EA030F04D092F0FC
:10085800000F08BF0846704790EA010F1CBF002030
:10086800704712F07F4F04D1400028BF40F000408D
:10087800704712F100723CBF00F50000704700F0AD
:10088800004343F0FE4040F4000070477FEA2262D4
:1008980016BF08467FEA23630146420206BF5FEAA5
:1008A800412390EA010F40F4800070474FF00003A5
:1008B80004E000BF10F0004348BF40425FEA000C6C
:1008C80008BF704743F0964301464FF000001CE014
:1008D80050EA010208BF70474FF000030AE000BF6A
:1008E80050EA010208BF704711F0004302D54042A8
:1008F80061EB41015FEA010C02BF8446014600201A
:1009080043F0B64308BFA3F18053A3F50003BCFA34
:100918008CF2083AA3EBC25310DB01FA02FC6344E1
:1009280000FA02FCC2F12002BCF1004F20FA02F2E8
:1009380043EB020008BF20F00100704702F12002DB
:1009480001FA02FCC2F1200250EA4C0021FA02F23C
:1009580043EB020008BF20EADC7070474FF0FF0C41
:100968001CEAD0521EBF1CEAD15392EA0C0F93EA3C
:100978000C0F6FD01A4480EA010C400218BF5FEADE
:1009880041211ED04FF0006343EA501043EA511151
:10099800A0FB01310CF00040B1F5000F3EBF49004B
:1009A80041EAD3715B0040EA010062F17F02FD2A4F
:1009B8001DD8B3F1004F40EBC25008BF20F0010032
:1009C800704790F0000F0CF0004C08BF49024CEA49
:1009D800502040EA51207F3AC2BFD2F1FF0340EADB
:1009E800C250704740F400004FF00003013A5DDC4C
:1009F80012F1190FDCBF00F000407047C2F100028D
:100A0800410021FA02F1C2F1200200FA02FC5FEA79
:100A1800310040F1000053EA4C0308BF20EADC70C3
:100A2800704792F0000F00F0004C02BF400010F435
:100A3800000F013AF9D040EA0C0093F0000F01F0E2
:100A4800004C02BF490011F4000F013BF9D041EA04
:100A58000C018FE70CEAD15392EA0C0F18BF93EA06
:100A68000C0F0AD030F0004C18BF31F0004CD8D130
:100A780080EA010000F00040704790F0000F17BFB7
:100A880090F0004F084691F0000F91F0004F14D0FD
:100A980092EA0C0F01D142020FD193EA0C0F03D155
:100AA8004B0218BF084608D180EA010000F0004058
:100AB80040F0FE4040F40000704740F0FE4040F433
:100AC800400070474FF0FF0C1CEAD0521EBF1CEAD2
:100AD800D15392EA0C0F93EA0C0F69D0A2EB0302F0
:100AE80080EA010C49024FEA402037D04FF080538A
:100AF80043EA111143EA10130CF000408B4238BF4F
:100B08005B0042F17D024FF4000C8B4224BF5B1A5C
:100B180040EA0C00B3EB510F24BFA3EB510340EAAA
:100B28005C00B3EB910F24BFA3EB910340EA9C0058
:100B3800B3EBD10F24BFA3EBD10340EADC001B01C8
:100B480018BF5FEA1C1CE0D1FD2A3FF650AF8B426C
:100B580040EBC25008BF20F0010070470CF0004C79
:100B68004CEA50207F32C2BFD2F1FF0340EAC250A4
:100B7800704740F400004FF00003013A37E792F065
:100B8800000F00F0004C02BF400010F4000F013AC3
:100B9800F9D040EA0C0093F0000F01F0004C02BFBE
:100BA800490011F4000F013BF9D041EA0C0195E727
:100BB8000CEAD15392EA0C0F08D142027FF47DAFC0
:100BC80093EA0C0F7FF470AF084676E793EA0C0FB0
:100BD80004D14B023FF44CAF08466EE730F0004CAE
:100BE80018BF31F0004CCAD130F000427FF45CAF3E
:100BF80031F000437FF43CAF5FE700BF42000ED204
:100C0800B2F1FE4F0BD34FF09E03B3EB126209D43F
:100C18004FEA002343F0004323FA02F070474FF0F5
:100C28000000704712F1610F01D1420202D14FF06A
:100C3800FF3070474FF00000704700BF53B94AB902
:100C4800002908BF00281CBF4FF0FF314FF0FF30CC
:100C580000F00CB8ADF1080C6DE904CE00F008F80E
:100C6800DDF804E0DDE9022304B07047704700BFF7
:100C78002DE9F04786468C460846089E1546744678
:100C88001946002B40F0C1808542B2FA82F245D95C
:100C98004AB1C2F1200300FA02FC954094402EFAB2
:100CA80003F343EA0C0C4FEA154EA8B2230CBCFB25
:100CB800FEF80EFB18CC08FB00F943EA0C439945F3
:100CC80028D9EB1808F1FF3704D2994502D9A8F1C1
:100CD80002072B44A3EB0903A4B2B3FBFEFC0EFBF3
:100CE8001C330CFB00F044EA0344A04214D92C192D
:100CF8000CF1FF3304D2A04202D9ACF102032C4418
:100D0800241A43EA07401EB1D440002334607360BC
:100D1800BDE8F0874746DDE76346F1E792BB431B32
:100D280001214FEA154EAFB2200CB3FBFEFC0EFBBF
:100D38001C330CFB07F840EA0343984561D9EB18CC
:100D48000CF1FF3004D2984502D9ACF102002B44D3
:100D5800A3EB0803A4B2B3FBFEFC0EFB1C330CFB95
:100D680007F744EA0344A7424DD92C190CF1FF3385
:100D780004D2A74202D9ACF102032C44E41B43EA93
:100D88000040C0E7C2F120039540944020FA03F1E7
:100D98002EFA03F34FEA154E9040AFB20343B1FB6E
:100DA800FEFC0EFB1C10190C0CFB07F841EA004175
:100DB800884522D969180CF1FF3004D2884502D938
:100DC800ACF102002944A1EB08019BB2B1FBFEFC87
:100DD8000EFB1C110CFB07F743EA01439F420ED997
:100DE800EB180CF1FF3104D29F4202D9ACF1020199
:100DF8002B44DB1B41EA004193E76046E3E7614689
:100E0800F7E76046A4E76346B8E7834206D916B910
:100E1800002108467CE7C6E900E0F9E7B3FA83F762
:100E28008FB9834201D3724508D8BEEB020460EB48
:100E3800030301209C461EB9002169E73846FAE7FA
:100E4800C6E9004CF8E7C7F1200CBB400EFA07F5DD
:100E580022FA0CF42EFA0CF1BA401C4320FA0CF3D7
:100E6800B8404FEA144901431FFA84FEB3FBF9F86E
:100E780009FB18300B0C08FB0EFA43EA00439A45AD
:100E880040D9E31808F1FF3004D29A4502D9A8F1F5
:100E980002002344A3EB0A0389B2B3FBF9F809FB68
:100EA800183308FB0EFE41EA03418E452CD9611820
:100EB80008F1FF3304D28E4502D9A8F10203214478
:100EC80043EA0040A1EB0E01A0FB02984145CE4643
:100ED800434602D306D14D4504D20138B9EB020E80
:100EE80068EB0403002EA7D0B5EB0E0261EB0301FB
:100EF80001FA0CFC22FA07F3F9404CEA0303C6E9AD
:100F0800003199E74046C5E74346D9E710B549217E
:100F1800234886B005F0C3FF00F064F803A800F08A
:100F2800C3FB204B1B68834204D045211E4805F0B3
:100F3800B6FFFEE7039B49215A681C4805F0AFFF3E
:100F480003991B484B7D0A7DC98A1A4C0091492197
:100F580005F0A5FF4921184805F0A1FF039A536839
:100F680012891344236006F0F8FF00F035FC00F006
:100F780023FF002383F30B8883F30A88226812680F
:100F880082F3088883F31488BFF36F8FBFF36F8FE2
:100F980023685B6898474521084805F080FFFEE70D
:100FA80096A61834ACAF1834AFA61834D2A61834A5
:100FB80001A71834A8AF18341FA7183444A7183449
:100FC80021B1012906D06FF015007047044B53F882
:100FD80030007047024B03EBC0035868704700BFEE
:100FE800E0A118344FF4C051014804F003BC00BF1D
:100FF800FCB118342DE9F04FD5B0609CDFF868815A
:101008000DF13009D8F8005003945F9CCDF8049096
:1010180002945E9C834600940E469246619F05F0BA
:1010280093FD28B1D8F80050284655B0BDE8F08F98
:1010380057B14A4614AC134603CBA34238607960D3
:101048001A4607F10807F6D10023524600933146A5
:101058004FF6FF7306A805F09EFD07460028E1D16C
:10106800514658460B9C05F025FEA042DAD34FF0B6
:10107800FF34DFF8F8B00DF1120304AA05A906A899
:1010880005F0C5FD0028CDDB69D1059906A805F056
:1010980001FE50B94FF6FF71BDF81200344A32F81C
:1010A800023B8B42BED09842F9D1BDF812A0BAF1EA
:1010B800100F16D0BAF1200F32D0BAF1010FDAD1E1
:1010C800BDF81040202CADD8059B71682246194404
:1010D80014A808F043FBE1B214A800F04DF8044648
:1010E800C9E7BDF81030202B9CD14FF0040E4EF00C
:1010F80001E07368059A14AF13443A4618685968B2
:10110800083303C217460FF009C02022484614A925
:1011180005F0CEFD174B1B68834283D10127AAE750
:10112800002C19DBDBF800309C4215DABDF81050B2
:10113800B5F5807F7FF476AF7168059B2A46194420
:1011480014A808F00BFBE4B22B465146484600941D
:1011580014AA00F0DBF805464FF0FF348BE7002FA8
:101168007FF462AF5EE700BFA4AC1834E8A118347E
:1011780064A61834ACAF18342DE9F0412029804614
:101188000D46A2B005D94FF0FF34204622B0BDE885
:10119800F0810024114B124E1F68BC42F3DA08A8F4
:1011A80008F03FF9002108A804F05CFC736808A85F
:1011B8001A6856F8081B08F03DF9694608A808F0AF
:1011C80078F908A808F031F92A464146684608F037
:1011D800E1FA0028D9D00134DFE700BFE8A11834CC
:1011E800ECA118342DE9F04388461946454BADF279
:1011F800745D1D68DDF89035B3F5807F7DD1202AB8
:101208007BD15CAA04F0E6FB002876D19DF86F320A
:10121800BC2B72D124AFDF263C4601900AA808F007
:1012280000F900210AA804F01DFC20220DF24F212C
:101238000AA808F0FFF804220AA80DEB020108F03A
:10124800F9F802A90AA808F034F90AA808F0EDF894
:10125800202EB146A8BF4FF020099DF80730384628
:1012680001334A4602A9A6EB09068DF8073008F0B3
:1012780075FA002E4F44D1DCDF212046224641F08A
:1012880001E05CAB117813F8016B714002F8011BA7
:101298000FF009C0237803F07F032370BE2310F8F2
:1012A800016B56BB013BFAD194F8BE30012B24D117
:1012B8000AA808F0B6F831460AA804F0D3FB0822B9
:1012C80011490AA808F0B6F8414620220AA808F0F1
:1012D800B1F820220DF24F110AA808F0ABF802A9C4
:1012E8000AA808F0E6F80AA808F09FF820220DF2EC
:1012F8004F2102A805F0DCFC054628460DF2745D76
:10130800BDE8F083A4AC183467A718342DE9F04F72
:101318009A46A3B02F4B074604A89DF8B0501E6804
:101328008846914608F03EF80922012104A804F0F5
:1013380013FB294B03AA53F8354003EBC5035B683D
:1013480002941B6802A81C442146302307F0E2F8E7
:10135800002838D1DDE9023213449C4233D12146BA
:1013680006AA02A807F0EAF868BB0DF1200B5A4656
:10137800214602A807F0E2F8054620BB06A807F0B8
:10138800B5FC029B05909C421DD12B462A46CDE90F
:10139800005B06A904A807F0C2FFA0B904A804F0DE
:1013A800F3FA80B906A807F0A1FC059004A807F095
:1013B800FDFF504507D100904B464246394604A8E8
:1013C800FFF710FF064604A807F0F2FF304623B0E7
:1013D800BDE8F08FA4AC1834ECA1183402680B4BAC
:1013E8009A4206D1C26803899B1802D24289D21850
:1013F80001D3002070478B689A42FAD240F60C63FA
:1014080002691A420CBF0120002070473DB8F396CC
:1014180000487047B0AF18342DE9F0430546DFF8AF
:10142800288185B02C6E601C69D12A46002305F1FD
:10143800630010F8011F99B1611C21D02C2101FB18
:101448000451177D0E7DB7421AD809D3577D4E7DBA
:10145800B74215D804D3D68AC98A8E4288BF1C469B
:101468002C325BB1631C0DD100224921374805F0AD
:1014780016FD374B186805B0BDE8F0830123D8E79F
:101488001C46EDE728462C6600F01AF958B12146AB
:10149800284600F089F900232C4484F864304FF082
:1014A800FF332B66BEE74FF02C0909FB0459D9F826
:1014B80020700FB905F098FD384605F037FD042374
:1014C80009F1FF3212F8011F81421AD1013BF9D10B
:1014D800204B1868D8F80030834210D0284600F016
:1014E8004FF9D8E74FF480733A46009349462846A7
:1014F800CDE90266184B0196FFF77CFD10E0124B10
:10150800B8E72C2303FB04531E6916F01006DFD13D
:1015180039464846FFF762FF0028E3D10C4B1868AC
:10152800094B1B688342D5D02146384605F05BFC41
:101538000A4B002C0A4A4FF0450108BF1A460948D1
:1015480005F0ADFCC4E700BFACAF183481A7183470
:10155800A4AC1834A0AC1834FCC918346FA71834DC
:1015680077A71834A3A71834F0B585B004460E46FB
:1015780005F03EFC0346002840D10146224620469D
:1015880005F05BFC0346002831D104F12C052A46FE
:101598000121204605F051FC2046216AFFF71EFF75
:1015A8000246A0B984F864004921354B354805F056
:1015B80076FC2846E16CFFF711FF024608BB84F869
:1015C80065004921304B2F4805F069FC2BE00123C9
:1015D80084F86430A36949210293E38A284A019375
:1015E800637D2A480093237D05F059FCE1E72848EC
:1015F800572105F054FC204605F012FC254B1D68C8
:1016080021E0012384F86530636C49210293B4F822
:1016180042301D4A019394F841301C48009394F8D5
:10162800403005F03CFC4FF0FF3323662046FFF7BF
:10163800F3FE0546184B1B68834207D0154B1D68FF
:10164800204605F0EDFB284605B0F0BD236E134A91
:10165800002B4FF04901124B124818BF13460022C5
:1016680005F01DFC2C23276E03FB0747386A05F09D
:101678004EFA30713B6A5B683760B360E0E700BFE1
:10168800CBA71834D3A7183441A81834FAA71834AC
:101698001EA81834A4AC1834ACAF183477A7183483
:1016A8006FA718344BA8183410B50446002005F06D
:1016B80087FB02482146FFF757FF10BDB0AF18342B
:1016C8002DE9FF414FF02C08016E054608FB010883
:1016D800D8F810309B0648D501AAD8F8046005F060
:1016E800ECFA044610BB019BAE66EB6603AA02A99E
:1016F80005F0B3FB074690B9A96E029A914206D34A
:10170800EB6E5B1803D203990A44934201D9032470
:1017180006E0D8F82000019B60B905F065FC0524B7
:10172800334600224921124805F0B9FB204604B08F
:10173800BDE8F0812146324605F0CDFB044678B17C
:1017480003463A4649210B4805F0A9FB33463A4679
:101758004921094805F0A3FB0023C5E91A33E5E749
:101768000246334649210548DEE70324F4E700BF73
:1017780071A81834A1A81834DBA8183408A918349B
:1017880010B50446836E00224921064805F087FB00
:101798000021E26EA06E07F0EEFF0020C4E91A00F7
:1017A80010BD00BF38A9183438B500220B460546CD
:1017B8000C460848492105F072FB2C2303FB04550D
:1017C800286A08B905F010FC2146BDE8384005F044
:1017D8000ABB00BF69A9183400B5BFF36F8F72B692
:1017E8004FF0100E00234FF0FF304EF001E00C4A8E
:1017F80003F1200142F8210001330FF007C84FF030
:10180800100E00234FF0FF304EF001E0044A03F1C0
:10181800600142F8210001330FF007C85DF804FBAE
:1018280000E100E0014B1B68184700BFA8AC183462
:10183800014B1860704700BFA8AC183430B585B0AC
:1018480004460D4610220021684607F094FF022343
:101858008DF80230044B2A4621466846019304F06D
:10186800FDFF05B030BD00BF2D18183480B5054602
:101878000E461746984604F071FD034607F0B4FF7C
:101888000446DFF81890424649F800303946304699
:10189800A84754F8090000F0D1FA00BF080000007A
:1018A800034A0020536823F002035360704700BFC7
:1018B80000100054154B164A82B01A604FF480226B
:1018C800144BC3F85C2AD3F85C320193019B124B8A
:1018D8001A6A42F001021A62DA6B42F48072DA6321
:1018E800DA6B42F40072DA635A6B42F480725A631C
:1018F8009A6B42F480729A63DA6B42F00072DA6390
:10190800DA6B42F08062DA6302B070478CAD18344B
:101918000090D0030080025600480256014B036035
:1019280001207047F8A1183438B5124B0D461C68D1
:10193800CCB1114B1A68002A02F10103B8BF012388
:10194800013B02D16FF0010038BD224612F8101B8E
:10195800814201D01446F3E7E06807F027FE28B17A
:1019680000202C60F0E76FF00C00EDE76FF012003C
:10197800EAE700BFB0AC183408A2183408B5044828
:1019880005F075FABDE80840024805F070BA00BFD6
:10199800B1AA1834E3AA183408B50348034A002149
:1019A800121A05F0CAFA08BDF8AD183400CB18347D
:1019B80030BFFFF7FDBF00BF2DE9F04105460B4ED4
:1019C800DFF82C80324606EB0807CC1B2046094975
:1019D80007F0C4FEA01942460021083C07F0CBFEE0
:1019E8002C6707F10800BDE8F08100BF0000000087
:1019F80008000000E0A11834054B5A699B689A4218
:101A08001FBF044A536843F080535360704700BFB8
:101A1800D0B1183400ED00E01B4BD3F8E820D3F820
:101A2800E420D3F8E420D10722D4D3F8E4209207A5
:101A380020D4D3F8E42051071ED4D3F8E4201207A9
:101A48001CD4D3F8E420D1061AD4D3F8E4209206A3
:101A580018D4D3F8E43013F0800F14BF2C202520BD
:101A6800094AD2F8E43043F0FF03C2F8E430704783
:101A78002620F5E72720F3E72820F1E72920EFE7DC
:101A88002A20EDE72B20EBE700ED00E0154B9A6AE2
:101A980012F0007F9A6A14BF1E201D2012F0807F6A
:101AA8009A6A18BF1F2012F4801F9A6A18BF022072
:101AB80012F4002F9A6A18BF212012F4802F9A6A14
:101AC80018BF222012F4003F9A6A18BF232012F48C
:101AD800803F9A6A18BF24206FEA02426FEA1242D6
:101AE8009A62704700ED00E010B5194B0246986AFB
:101AF8009C6A10F4805F14BF1720162014F4006F3E
:101B08009C6A18BF1820A40509D5986B986A000428
:101B180004D51AB19A6A22F400429A6219200C4B31
:101B28009A6A12F4806F9A6A18BF1A20D2050CD4E8
:101B38009B6A13F4005F18BF1C20054A936A43F49C
:101B48007F43936200230B7010BD1B20F5E700BF95
:101B580000ED00E010B51C4B0246986A9C6A10F034
:101B6800100F14BF1120102014F0080F9C6A18BF22
:101B78001220A40709D5586B986A000604D51AB133
:101B88009A6A22F080029A6213200F4B9A6A12F026
:101B9800010F9A6A18BF142012F0200F9A6A18BF12
:101BA8001520D40658BF9B6A074B9A6A920642BF13
:101BB8005A6A22F400525A629A6A42F0FF029A6202
:101BC80000230B7010BD00BF00ED00E070B5544B52
:101BD80004465B6800268AB0C3F3080386F31188BD
:101BE800BFF36F8F02F07F40B0F17F4F21D112F029
:101BF80001051FD0550602F0080002D5B0B901252D
:101C080006E082F00402C2F3800560B1EFF3898434
:101C18000022033B8DF80720042B0DD8DFE803F0E2
:101C28002E7377697000EFF38884F1E70C46354628
:101C3800EEE735462C46EBE700239DF80720DAB996
:101C48004FF0040E4EF001E002AE324620686168A3
:101C5800083403C216460FF009C0099A002D5AD05D
:101C6800C2F3080121B96FEA52226FEA42220992AF
:101C7800184602A905F063F90AB070BD284BDA6A64
:101C88009107D9D4DA6A002AD6DBDA6A5200D3D5AA
:101C98005A69A16942F480725A61BFF34F8FBFF34A
:101CA8006F8F5A6931F8021C22F480725A61BFF3AF
:101CB8004F8FBFF36F8F4DF60272914201D12368A7
:101CC800BBE79A6AD2B232B101200DF10701FFF7E2
:101CD80041FF0346B1E79A6A12F47F4F05D001200D
:101CE8000DF10701FFF700FFF3E79A6AB2F5803FAD
:101CF80002D3FFF7CBFEECE7D3F8E430002B9BD000
:101D0800FFF78AFEE5E700200DF10701DFE7002075
:101D18000DF10701E6E722F4FF7222F00102A6E7BF
:101D280000ED00E0064B5A6942F010025A615A6908
:101D380042F480625A615A6922F008025A61704777
:101D480000ED00E0EFF30880EFF3098101B572467A
:101D5800FFF73CFF01BD00BF002080F31488BFF3EC
:101D68006F8F002080F30A8880F30B880F4880F378
:101D7800088805F092F800200D490860BFF34F8FDE
:101D880000F02EF8102080F311880A484FF4006103
:101D9800401880F30988EFF314800221084380F388
:101DA8001488BFF36F8F00F0D3F8000040FC18349C
:101DB80094ED00E000CB1834002210460749D1F812
:101DC8009030C3F307230133013B00D17047C1F8BA
:101DD8009820C1F8A0000132F6E700BF00ED00E04E
:101DE80010B572B6002484F31388FFF7E5FF4FF0AF
:101DF800100E23464FF0FF304EF001E00E4A03F17B
:101E0800200142F8210001330FF007C84FF0100EEF
:101E180000234FF0FF304EF001E0074A03F1600164
:101E280042F8210001330FF007C862B6BFF34F8FA5
:101E3800BFF36F8F10BD00BF00E100E0084B9B6847
:101E480083420BD1EFF3058343B1064B5A6842F046
:101E580080525A605A6A22F400425A6204F084BAE4
:101E6800D0B1183400ED00E014498A684FF0300012
:101E78001044EFF3098C80E8F01F102080F31288DB
:101E8800BFF36F8F0E4F4FF000664A698A603E605D
:101E9800106F0C4C2060506F0023536780F311883B
:101EA80002F1300090E8F01F8CF3098802F100007D
:101EB80004B505F059F8BDE804407047D0B11834AE
:101EC80004ED00E020B018341EF0040F0CBFEFF34F
:101ED8000880EFF30980816911F8021C0229FFD0FC
:101EE80001B5724605F031F801BD00BF00B2002807
:101EF80007DB01234109034A00F01F00834042F831
:101F08002130704700E100E000B2002801F1010132
:101F1800ACBF00F16040064B4FEA0111C9B2ABBF3C
:101F280000F5614000F00F0080F800131954704765
:101F380014ED00E0044B054A23F07F039360BFF3E0
:101F48004F8FBFF36F8F70470004183400ED00E027
:101F580008B5FFF7EFFF064AD2F8883023F470037C
:101F6800C2F88830FFF718FD00F046F803F00EFFBE
:101F780000ED00E042F8203C009B0B4942F81C3C75
:101F8800019B21F0010142F8183C029B42F8081C11
:101F980042F8143C4FF0807342F8043C0023203A86
:101FA80002654367704700BF7518183400B50D4BBC
:101FB80015469860026F0C4B0E461A60036E83F349
:101FC8000B882C4686F309880020044B9847204646
:101FD800002100220023024C204700007F6F1834A4
:101FE80075181834D0B1183420B018341022014BA9
:101FF8001A61704700ED00E000B54FF0C20E0023F3
:1020080010214EF001E00448C21882F80013013391
:102018000FF007C05DF804FB00E100E008B5EFF33E
:102028000583064A103B02EBC30152F833004968A6
:102038008847BDE80840FFF7DFBC00BF4C9B183459
:102048001FB50A4C0A4A234601210A4800F00AF93A
:102058000023CDE90233084B0121E41A68460093B6
:10206800019400F009F904B010BD00BF000020344D
:10207800A0AC18344CA21834F8AD183410B50C7A4A
:102088000B6804F01F0223F01F031A430B7CC96876
:102098001B0121F01F0103F010030B4364090649DB
:1020A80043EA440343F00103C1F89800C1F89C20B7
:1020B800C1F8A03010BD00BF00ED00E010B5074B1F
:1020C800D3F89030C3F30723013B984202D8FFF7B7
:1020D800D5FF10BD6FF01500FBE700BF00ED00E075
:1020E8002DE9F04F0F46144606464FF00008514DB3
:1020F80087B0B84580F29980D6F80490B9F1000FFE
:1021080037D0B9F11F0F40F28E8019F01F0F40F041
:102118008A80D6F800A01AF01F0F40F0848050463D
:1021280004F03DFF834609EB0A00013804F037FF4D
:10213800834578D11BF1160F75D05C4573DDC5F862
:1021480098B0D5F89C10C5F898B0D5F8A03021F013
:102158001F0143F01F0AD6E900321A44994202F1DE
:10216800FF391ED1CA4508D131465FFA8BF004F019
:102178001FFF08F101081036BBE73146C5F898B0D3
:10218800D5F89C3022F01F0203F01F031343C5F853
:102198009C30E0B204F00CFF10F1160F43D0441C41
:1021A800E7E7C5F898B0D5F8A020013B23F01F0356
:1021B80002F01F021343CA453146E0B2C5F8A03009
:1021C800E8D004F0F5FE10F1160F2CD0C5F898B041
:1021D800D5F89C209DF80C300AF1FF3A62F304030D
:1021E8008DF80C30D5F8A0309DF80C205B0863F30F
:1021F80047128DF80C20D5F8A0300130C3F3001336
:102208008DF81430D6E900321344019323F01F03EC
:102218005344A3EB090323F01F0301A9C0B204939D
:10222800FFF74CFFB8E76FF01504204607B0BDE88C
:10223800F08F00BF00ED00E00522044BC3F89420A6
:10224800BFF34F8FBFF36F8F704700BF00ED00E003
:10225800BFF35F8F0022024BC3F89420704700BF82
:1022680000ED00E010B5034C2278FFF739FF20702D
:1022780010BD00BFFCCA18342DE9F74F2B4D8A4614
:1022880007464FF00008AB46294ED0451BDAD7F871
:102298000490B9F1000F44D039680846019104F060
:1022A8007EFE0199044609EB0100013804F077FE2F
:1022B80084424FF018021F4B08D002FB08F36FF05E
:1022C80015024BF8032003B0BDE8F08F14F1160F88
:1022D8002C60F8D01978A142F5DD02FB08B0C6F8E9
:1022E8009840C6F89840D6F89C4000F10801007B59
:1022F80064F304000871D6F8A0000C79400860F374
:1023080047140C71D6F8A010C1F300112975D6F83E
:102318009C1021F01F016960D6F8A01021F01F0160
:10232800296108F1010818351037AEE724B01834D0
:1023380000ED00E0FCCA1834F0B55649564CD1F807
:1023480090302568C3F307239D4287B000F29E8032
:1023580000201426FFF77CFF504BC1F8C03085429F
:1023680016D14F4C68462570FFF7D8FA0025064667
:102378004C4FAE4213D1002023784649D1F8902023
:10238800C2F3072293427BDBFFF756FF002057E09A
:10239800616806FB0011FFF771FE0130DFE7009965
:1023A800280101EB0513DA683A40B2F5800F56D0E0
:1023B80007D8B2F5801F17D0B2F5001F42D00135FB
:1023C800D7E7B2F1806F1DD0B2F1006FF7D15A682C
:1023D8009B680958013B22F01F0003444FF0030C8F
:1023E800012023F01F030BE05A689B680958013B42
:1023F80022F01F0003444FF0010C002023F01F03BC
:1024080086460CE05A689B680958013B22F01F0079
:1024180003444FF0010C062023F01F03E64640EA70
:102428004C10CDE901218DF80C0001A92078049306
:102438008DF814E0FFF742FE00281DDA6FF0150052
:1024480007B0F0BD5A689B680958013B22F01F008D
:1024580003444FF0020C012023F01F03D0E75A6811
:102468009B680958013B22F01F0003444FF0000C01
:10247800022023F01F03D1E72378013323709EE75E
:10248800C1F89830C1F8A000013377E74FF0FF306A
:10249800D6E700BF00ED00E05CA21834AAFF4400B4
:1024A800FCCA18340000F0FF08B5024804F0B6F979
:1024B800FEE700BF23AB183408B5024B1B689847EA
:1024C800002008BD3CB01834034B044A18609378C8
:1024D80043F00203937070473CB01834B4AC18341E
:1024E80008B5054804F0C3FC002383F31188BFF343
:1024F8006F8F0423184602DF28AB183400B50C226E
:1025080007F072F9024B1A5000205DF804FB00BF77
:102518000C0000002DE9F041054600264FF00108A7
:102528000E4F6B78F4B2A34201D8BDE8F0812B7846
:102538001C44204600F0C6F868B1204600F0EEF8CA
:1025480057F834303BB107EBC40204F01F0451685C
:1025580008FA04F098470136E3E700BF40B01834A2
:10256800014B23F810107047ACAD1834B0FA80F264
:102578000028C2F11F02D2B208BFFF220346054954
:1025880031F91200044AD2F880100B43C2F88030A7
:10259800FFF7ACBCACAD183400500256034AD2F871
:1025A800803023EA0003C2F880307047005002569A
:1025B800032921D8DFE801F0020C10190F4B1A6823
:1025C80022EA00021A605A6822EA00025A6070473A
:1025D8000A4B1A680243F5E7084B5A6802435A60E7
:1025E8001A6822EA00021A607047044B1A6802430C
:1025F8001A605A6810435860704700BF005002566E
:10260800B0FA80F30028C3F11F03DBB208BFFF2331
:1026180030B50A4850F833408C4204D100EBC3056A
:102628006D68954205D034B940F8331000EBC3000B
:102638004260002030BD6FF00F00FBE740B0183457
:10264800B0FA80F30028C3F11F03DBB24FF000019A
:1026580008BFFF23034A42F8331002EBC30251605C
:10266800704700BF40B01834C300074AC0F3810068
:10267800183052F8202003F01800FF23834013403D
:1026880023FA00F0704700BF0050025613B50C4CF7
:10269800204606F08BFF60B101234FF41E72CDE98E
:1026A8000023A3681B683BB169462046984702B0DF
:1026B80010BD6FF01200FAE76FF05700F7E700BFA0
:1026C800CC9818345F28014623D800F01F03012056
:1026D8001F29114A00FA03F309D8D16833EA010126
:1026E80018D0126933EA020218BF002070473F2948
:1026F80009D8D16A33EA01010CD0126B33EA02021D
:1027080008BF0120F0E7D16C33EA010102D0126D55
:10271800F4E70020704700BF00500256012300F084
:102728001F025F2803FA02F30DD81F28074A03D8AF
:10273800D3601361002070473F2895BFD362D364EC
:1027480013631365F6E76FF01500704700500256E3
:1027580008B54168044883689B6913B1002298470B
:1027680008B16FF0040008BDCC9818340D2806D8BD
:1027780010B96FF08500704743F6B27303E00F3865
:102788001B28F6D8044BC34013F0010F14BF0020D8
:102798006FF08500704700BFC570FE0F0B88C3F34C
:1027A8000B0303F6B452C2F30B02302A11D803F11B
:1027B800AC4303F520331A68486802431A600B8853
:1027C8000548C3F30B031A5849680A431A500020F6
:1027D80070476FF085007047408002560B88C3F33E
:1027E8000B0303F6B452C2F30B02302A13D803F1D9
:1027F800AC4303F520331A68486822EA00021A60DD
:102808000B880648C3F30B031A58496822EA0102E9
:102818001A50002070476FF08500704740800256BC
:102828004FF47F62D34B84B0C3F84C2AD3F84C12D0
:1028380001910199C3F88C2AD3F88C220092009A4E
:102848005A6D22F400425A655A6D42F040025A65A8
:102858001022C3F800285A68D206FCD50822C3F80B
:1028680000285A681007FCD59A6C22F4C0729A6442
:102878005A6812F0080FBF4A05D10821C3F800189A
:1028880053681907FCD5136A23F040731362B94BD8
:102898001A6A12F0405FFBD11A6A22F440321A62B7
:1028A8001A6A12F4401FFBD14FF48071B24A1160CA
:1028B800D3F8802022F0E04242F00052C3F8802092
:1028C800D3F8882042F00402C3F88820D3F8802087
:1028D800120142BFD3F8802022F00062C3F88020A2
:1028E800A44BD3F8802022F07C7242F44012C3F843
:1028F8008020D3F8802022F47F2222F4706242F4F0
:102908001642C3F88020D3F8882022F0605242F0A3
:102918000062C3F88820D3F8882022F0E06242F0F1
:102928008072C3F88820D3F8842002F07F42C3F86D
:102938008420D3F8882022F00802C3F88820D3F82E
:10294800882042F00102C3F88820D3F8882050007C
:102958005EBFD3F8882042F08042C3F888204FF445
:102968008072C3F800285A68D105FCD54FF400716D
:10297800814A1160D3F8902022F0E042C3F89020F9
:10298800D3F8982042F00402C3F89820D3F8902096
:10299800120142BFD3F8902022F00062C3F89020C1
:1029A800744BD3F8902022F07C7242F40012C3F8E2
:1029B8009020D3F8902022F47F2222F4706242F40F
:1029C8004052C3F89020D3F8982022F0605242F089
:1029D8000062C3F89820D3F8982022F0E06242F011
:1029E8008072C3F89820D3F8942002F07F42C3F88D
:1029F8009420D3F8982022F00802C3F89820D3F83E
:102A0800982042F00102C3F89820D3F8982050008B
:102A18005EBFD3F8982042F08042C3F898204FF464
:102A28000072C3F800285A689105FCD54FF48061FC
:102A3800514A1160D3F8A02022F0E04242F000523F
:102A4800C3F8A020D3F8A82042F00402C3F8A820B5
:102A5800D3F8A020120142BFD3F8A02022F00062D0
:102A6800C3F8A020434BD3F8A02022F07C7242F494
:102A78004012C3F8A020D3F8A02022F47F2222F429
:102A8800706242F4FA42C3F8A020D3F8A82022F0DA
:102A9800605242F00062C3F8A820D3F8A82022F0C0
:102AA800E06242F08072C3F8A820D3F8A42002F0B4
:102AB8007F42C3F8A420D3F8A82022F00802C3F864
:102AC800A820D3F8A82042F00102C3F8A820D3F820
:102AD800A82050005EBFD3F8A82042F08042C3F877
:102AE800A8204FF48062C3F800285A685105FCD525
:102AF8004FF40061204A1160D3F8B02022F0E04280
:102B0800C3F8B020D3F8B82042F00402C3F8B820C4
:102B1800D3F8B020120142BFD3F8B02022F00062EF
:102B2800C3F8B020134BD3F8B02022F07C7242F4E3
:102B38008002C3F8B020D3F8B02022F47F2222F418
:102B4800706242F49642C3F8B020D3F8B82022F05D
:102B5800605242F00062C3F8B820D3F8B82022F0DF
:102B6800E06242F08072C3F8B820D3F8B42002F0D3
:102B78007F4203E00080025600900256C3F8B4205A
:102B8800D3F8B82022F00802C3F8B820D3F8B82048
:102B980042F00102C3F8B820D3F8B82050005EBF55
:102BA800D3F8B82042F08042C3F8B8204FF400624E
:102BB800C3F800285A681105FCD55A6A22F4E002C5
:102BC80042F480125A625A6A22F007025A625A6A1A
:102BD80022F070025A625A6A22F4E0425A625A6A31
:102BE80022F4E0225A625A6A22F0407242F080725D
:102BF8005A624022C3F8482AD3F84812039103992D
:102C0800C3F8882AD3F888320293029B5B4BD3F827
:102C180048225206FBD5D3F8C42022F04052C3F80C
:102C2800C420D3F8C42022F47F0242F40032C3F84F
:102C3800C4200122C3F8402AD3F8C82022F0405209
:102C4800C3F8C820D3F8C82022F47F0242F4A02297
:102C5800C3F8C8200222C3F8402AD3F8D02022F0B3
:102C6800405242F08052C3F8D020D3F8D02022F44A
:102C78007F0242F4F812C3F8D0200822C3F8402A91
:102C8800D3F8D82022F0405242F00052C3F8D8209E
:102C9800D3F8D82022F47F0242F48032C3F8D82037
:102CA8002022C3F8402AD3F8E82042F04052C3F863
:102CB800E820D3F8E82022F47F0242F4F812C3F89F
:102CC800E8204FF40072C3F8402AD3F8EC2022F031
:102CD8004052C3F8EC20D3F8EC2022F47F0242F4EF
:102CE8000032C3F8EC204FF48062C3F8402AD3F8CE
:102CF800002142F04052C3F80021D3F8002122F409
:102D08007F0242F46C12C3F800214FF40042C3F86A
:102D1800402AD3F8042122F04052C3F80421D3F802
:102D2800042122F47F0242F44032C3F804214FF414
:102D38008032C3F8402AD3F8082122F04052C3F861
:102D48000821D3F8082122F47F0242F46C12C3F858
:102D580008214FF40032C3F8402A1A6A42F0407240
:102D68001A62064A136A03F04053B3F1405FF9D17F
:102D78000020034B034A1A6004B0704700800256D3
:102D88008CAD18340008AF2F18B90A48B0FBF1F021
:102D98007047B0F1805F01D10748F7E7B0F1005FF5
:102DA80001D10648F2E7B0F1405F01D10448EDE7F0
:102DB8000020704700180D8F00808D5B00943577D8
:102DC800008C864738B50B881446C3F30B03644A56
:102DD8002A2B0D46D2F8C80066D813B96FF08500C3
:102DE80061E0013B292BF9D801A151F823F000BF7C
:102DF800132F1834552F1834E52D1834A12E1834F4
:102E0800EF2E1834E52D1834F32E1834F72E183415
:102E1800FB2E1834FF2E1834032F18340B2F1834B8
:102E2800132F1834E52D1834232F1834E52D1834B2
:102E38002B2F1834E52D1834E52D1834E52D1834CA
:102E4800332F1834392F1834E52D1834E52D18345C
:102E5800E52D1834E52D18343F2F1834472F183432
:102E68004F2F1834E52D1834E52D1834EF2E18346B
:102E7800E12E1834E12E1834E12E1834E12E1834DE
:102E8800E12E1834E12E1834E12E1834E12E1834CE
:102E9800E12E1834E12E1834324820602B68B3F53F
:102EA800805F55D2002038BDB3F5177F09D8B3F538
:102EB800147F93D303F55B6341F21112C3F30B0341
:102EC80006E003F55A63C3F30B031C2B86D8264A86
:102ED80022FA03F3DB0781D5062100F04050FFF703
:102EE80053FF4008D9E72148D7E72148D5E72148CB
:102EF800D3E72148D1E72148CFE7072001F0BAFFFF
:102F0800CBE7D2F8C400032102E00621D2F8C800BA
:102F180000F04050FFF738FFBFE7D2F8D00020217B
:102F2800F6E70221D2F8D800F2E7D2F8E800F6E78F
:102F3800D2F8EC00E7E7D2F800013C21E8E70421E9
:102F4800D2F80401E4E7D2F80801F6E70020A4E784
:102F5800C3F313330133B0FBF3F02060A2E700BFE3
:102F680000800256006CDC02111110110090D00391
:102F780000180D8F00808D5B00943577008C864794
:102F880008B5074806F012FB38B10648FFF79CFA67
:102F98000448FEF74DFC002008BD6FF01200FBE767
:102FA8000C9B1834B12F18340A2838B50446074D3D
:102FB80004D1AB680D2128465B689847AB68034885
:102FC8005B68E1B29847204638BD00BF0C9B1834B7
:102FD800F8B50D46164600214822044606F0CBFBFC
:102FE800A5F1080358425841022E18BF0023A5F145
:102FF8000201C9B21DBF1E461F461A464FF00063A4
:1030080002BF4FF4006608274FF0005206294FEA26
:10301800001016D80E4DDFF83CE015F801C00E4D33
:1030280035F811505EF82110C4E903C04FF4405040
:10303800C4E908066761E561A1632364A2642046C8
:10304800F8BD4FF080714FF480754FF0010CEBE73D
:1030580088AB18348CA2183482A6183400487047FC
:1030680040A318342DE9F04F05460F461446934601
:10307800AFB0002A38D00029C0F215814668CB17B6
:10308800F269944228BF1446091943F100038A42A1
:103098004FF000019941C0F00681C4F30B0313B14E
:1030A800A24200F203812B691846009304F0DEFA6D
:1030B800286903681B6803F04053B3F1405F17D0D9
:1030C8004C22002108A806F056FB284696F828202E
:1030D80096F8241004F025FB834680B14FF0000BCE
:1030E8002869643004F075F958462FB0BDE8F08FB0
:1030F80005F057F90028E3D06FF0040BF0E7D6E9A4
:103108000912A2F1020EDEF1000242EB0E020829BA
:1031180015BF5946102101200420D200CDE90C1218
:103128000B90002CDCD0BBF1000FD9D1D846284633
:1031380096F8282096F8241004F039FB83460028D6
:10314800CED1F169726AA1425CD146F29F03082A86
:103158000CBF1A4660220E9008A928690A92CDF879
:103168003C8004F0DFF9F2692B69A41A6A685946B1
:1031780092F824A092F8289003A81422019306F04C
:10318800FAFA4A4651461BA8FFF722FFBAF1080F80
:1031980027D140F2FA53B9F1020F1D9307BF02225B
:1031A8000523042301222C930223102004934FF4B7
:1031B80080032A92CDE9063041F2883201981BA992
:1031C800CDF8848004F0F7FE002895D1394A2869A3
:1031D80003A904F088FA8346002881D1002CA6D1DF
:1031E8007CE701224FF0050CCDE91DC24FF080723B
:1031F800B9F1020F29925B4614BF01220222CDF8D1
:103208008880D0E7082A14BF4FF480734FF4806396
:103218000F93B36A28699A1E53425341DB021193F4
:1032280090F8963042F2DE1E042B0CBF4FF4405348
:103238004FF40053B3F5405F0CBF4FF0210C4FF033
:10324800200C4FF0FF3804221093009B0E9793F840
:103258008D90B9F1000F20D008FA09F137EA010181
:103268001BD1012101FA09F1A14216D893F88C105B
:10327800013A0A9103F10203E9D108A904F052F9CD
:10328800284696F8282096F8241004F04AFA07F5FC
:1032980080578346A4F5805443E7716A082914BF10
:1032A80061467146E4E76FF0150B1DE76FF0850B7B
:1032B8001AE700BFE00407002DE9F04F0446BBB051
:1032C80045680769DFF87882404606F06FF90028FC
:1032D80000F04082D8F80860336993B12946404627
:1032E800984702280DD123691B681B6803F04053D7
:1032F800B3F1405F05D188230020BB653BB0BDE832
:10330800F08F6B6A082B03D0AB6A022B00F0258282
:103318000021E86A26AA04F0F0FC0028EEDB269BD0
:1033280000221979186800F0F3FB0028E6DB3368FF
:10333800002B58D02946824898478046002852D109
:10334800F368002B4FD029467D4806AA98470028E5
:1033580049DBB36905F10809002B44D042464946C8
:103368007748984700283ED1F368002B3BD0494660
:10337800734806AA9847002835DB336805F1100121
:103388008BB36F48984770BB4FF480730699024619
:103398000130B1FBF0FC2E6A664580F0E181013B0B
:1033A800F5D16FF01500A9E7664A934204BF0123DF
:1033B8000B93F8E101222046114604F0F8F9804603
:1033C80088B9012226A81146FFF702FE6368D4F8DF
:1033D80010901A6A5C4B9A4208D101222046114685
:1033E80004F09FF9F8B16FF0040087E707238DF820
:1033F8004C30722328934FF440732C93012341F2ED
:103408008832484626A9CDF8DC80359304F0D3FDF0
:103418000028E8D141F28832484613A904F01CFE7E
:103428000028DAD0DFE701222046114604F0BFF970
:1034380080460028D7D1B36A0122022B14BF01238A
:103448000223114626A88DF84C30FFF7C1FD7223E0
:103458002893012341F28832284626A9CDF8B08066
:10346800CDF8DC80359304F0A6FD0028BBD141F2ED
:103478008832284613A904F0EFFD0028B3D149F695
:10348800404006F06CF84FF08073EB604FF08053CB
:103498002846EB6201F010F90028A4D1D6F828805C
:1034A800B8F1010F0DD142460821204604F039F940
:1034B800002898D14146284626AA04F007F8002893
:1034C80091D1B66A022E40F0F58132460821204695
:1034D80004F027F9002886D13146284626AA03F0A9
:1034E800F5FF002800F0E6817DE741F2ED2352E286
:1034F800382350E2022B14BF4FF0040B4FF0020B9D
:103508000DF11C0A18F80A20304605AB26A90392CB
:1035180003F072FE00280DDB039A9DF8143085F83D
:10352800A020C5F898309DF815209DF81630134452
:1035380085F8973008F10108C345E3D141E200BF9F
:10354800CC98183400A0025800C2EB0B95F89830BC
:103558006B2B36D02FD8032B35D03B2B08BF3C2301
:10356800C5F8983095F89C30322B30D0382B30D0B5
:10357800022B08BF1223C5F89C30D9F82430042B3D
:1035880040F08B80304608AA26A903F0B9FE00282F
:10359800A2BF9DF82030C3F3420385F8A130236908
:1035A80093F8A130062B00F21182DFE803F076854C
:1035B800148A85858500BB2B07D0EB2B08BFEC232D
:1035C800CEE76C23CCE71323CAE7BC23C8E7342330
:1035D800D1E73E23CFE74FF040084FF001094946B5
:1035E80020460DF1130204F0F7F90028C0F2EE812D
:1035F8009DF813B018EA0B0B4FD101222046114653
:1036080004F0D5F80028C0F2E1814C229DF813A0FF
:1036180023690DEB0200594648EA0A0A03938DF81C
:1036280013A006F0A8F801234FF08072CDE91533F6
:103638002192039A994592F8A120CDF824B043D15C
:103648009A428DF824A053D1022120460DF125027B
:1036580004F0C2F90028C0F2B981022309AA204661
:1036680013A903F0B8FE0028C0F2B0810122204659
:10367800114604F056F80028C0F2A88149462046B1
:103688000DF1130204F0A8F90028C0F29F819DF8FB
:10369800133018EA030F00F09981F3780A2B89BFD9
:1036A800309B4FF48073C3F30312012388BF934008
:1036B800A5F89430083618E14FF002084FF00209D7
:1036C8008DE74FF08008F9E73121012A15918DF82F
:1036D80025A002D0043A012A0DD80121204609AAC2
:1036E80004F07AF90028C0F2718101231593B4E738
:1036F8004B4609AAB3E70DF12502B0E74FF68472ED
:103708009342D7D197F89650042DD3D1F378717995
:10371800B27930799B00090241EA0241082B28BF9F
:103728000823014326AA204603F07FFE002840F024
:103738004D813A462B460DF19B0C1CF8011F0232B5
:10374800FF2904BF002182F88B00013B82F88A1010
:10375800F3D1AFE76FF01200D0E56FF08500CDE54B
:103768007A62EA6992FAA2F3002AB3FA83F308BFED
:103778004FF0FF33013B3B6100233B62AB6A022BF6
:1037880005D14FF08073FB604FF08053FB623846E1
:1037980000F092FF00287FF426AE3B689E4A9342D1
:1037A8007FF402AE0B900023012641F2883238469E
:1037B8000AA90A930C9601F0F3F8804600287FF4D2
:1037C80012AE3246314607F1640005F010FF32466A
:1037D800414607F1740005F00AFFAB692046984797
:1037E8004C22414626A8256905F0C5FF662341F20B
:1037F8008832284626A9CDE9283604F0DCFB0028C3
:103808007FF4F1AD992341F28832284626A92893FE
:1038180004F0D1FB00287FF4E6AD042346F2996951
:10382800299310232B9041F28832284626A9CDF8F7
:10383800A0902A9304F0BFFB00287FF4D4AD49F68A
:10384800661841F28832284626A9CDF8A08004F0EF
:10385800B2FB00287FF4C7AD082341F2883228461E
:1038680026A92B93CDF8A09004F0A5FB00287FF49F
:10387800BAAD41F28832284626A9CDF8A08004F0D6
:103888009AFB019000287FF4AEAD644805F067FE0E
:1038980032463146204603F044FF00287FF4A3ADAA
:1038A80066682569736A082B3FF484ADB36A012BF7
:1038B8007FF480AD1823002120460DAA03F0B5FD42
:1038C80000287FF41BAD564B0D9A9A427FF469ADE0
:1038D8009DF83A20531C022ADBB24FEAC30328BFE3
:1038E80010230FAA1646D3180293029BB3426DD039
:1038F800F279337843EA0223B3F57F4F7FF4FEAEC3
:10390800F3787179B27930799B00090241EA024172
:10391800502B28BF5023014326AA204603F085FDDB
:10392800002853D14FF0010825693E4BD4F8049084
:10393800079305F18C0AADF814008DF81600C5F848
:103948008C00C5F8900052465FFA88F126A808F165
:10395800010803F0BFFCB8F1050F0AF1020AF2D121
:10396800269B2269C3F34143013B012B8CBF0323F0
:10397800042382F89630D5F89C30FF2B0DD1D9F866
:103988002430042B3FF4B4AD082B3FF4AEAD022B2A
:1039980014BF0223A223C5F89C30D9F82430082B81
:1039A8003FF47BAE02234FF0000885F8A0300323D4
:1039B80085F89780C5F89830D9F82430012B7FF422
:1039C80099AD95F89630042B3FF4C0AD2269636831
:1039D8000420D9691346B2F8945093F88C6036B134
:1039E800019F93F88D600FB1BE4200D20196013855
:1039F80003F10203F1D1012301988340581E2842A4
:103A080008BF2B46C2F88830B1FBF3F32046C2F852
:103A1800843003F08EFD71E400500258A086010046
:103A280053464450030604072DE9F843D0F80480B0
:103A38001746D0F81090D8F808000D461E4603F037
:103A48006FFBB7F5001F044616D12846D8F8084082
:103A5800FEF70AFE84420CD1294603F061FB0446B6
:103A6800FEF79CFD2046FEF7EBFD00212046FEF701
:103A78009FFD0020BDE8F883B7F5800F20D0B6F190
:103A8800806F19D0B6F1C06F18D0B6F1007F1AD187
:103A980002264A4620460F49FEF7B2FDB0B928462D
:103AA800D8F8081003F041FB20463146FEF780FDA8
:103AB8002046FEF75BFDDCE70126EAE70326E8E798
:103AC8006FF08500D6E76FF01500D3E76FF00F00B1
:103AD800D0E700BFAF7C183438B503690446586096
:103AE8000A4D284605F062FD60B1AB6861681B6845
:103AF8000C3123B12846984700EAE07038BD6FF0D2
:103B08005700F9E76FF01200F8E700BFCC981834B7
:103B18002DE9F04F054600264FF0010A85B000EB6D
:103B2800C103DFF814910193019BAB4201D100203E
:103B380018E02C68E20604F01F0316D46E6846F0FD
:103B48002006670A3A0102F4F8724FEA541BB2F5EC
:103B5800C87FC4F3431442EA04014FEA12100CD997
:103B68006FF0150005B0BDE8F08F102B03D0112BB6
:103B7800E7D16E68E5E73026E3E759F82080B8F129
:103B8800000F02D16FF01200ECE7CDE902134046B6
:103B980005F00CFD0028F5D0029932464046039BFB
:103BA80001F00F0104F094F80028DBDB07F01F0791
:103BB800192FD5F80480D3D859F82770002FE1D0F1
:103BC800384605F0F3FC0028DCD07B681BF0080FB2
:103BD8005968C8F30340C8F303320AFA04F415D14C
:103BE80094FAA4F4B4FA84F40F230F6CA400A3404D
:103BF80027EA0307A2403A430A648A6C00FA04F4ED
:103C080022EA03031C438C6408358DE794FAA4F474
:103C1800B4FA84F30F2403F007034F6C9B009C4015
:103C280027EA04079A403A434A64CA6C984022EA51
:103C380004021043C864E7E738A41834F8B50C4602
:103C4800036962795D68237941689E1E77427741EE
:103C5800012B4FEA872708BF4FF4C067022A96BF97
:103C6800444E4FF4005636F81260A279022A2DD03D
:103C7800003B18BF0123042A4FEA033308BF4FF45F
:103C88008053E2790968012A14BF4FF0000C4FF401
:103C9800407CA5421FD10A6822F0805222F4B0521B
:103CA8003A431A430A604B6823F4405333434B604A
:103CB80043681A68936823F4407343EA0C039360DB
:103CC800296804F021F900EAE070F8BDB3FA83F33B
:103CD8005B091B07D5E7D1F800E00EF4C06E774505
:103CE8001FBFD1F800E02EF4C06E4EEA07070F6040
:103CF80041680F68796801F440518E421FBF7968A6
:103D080021F440513143796041680E68316801F00F
:103D180010218B421FBF316821F010210B43336003
:103D2800436819688B6803F440739C451FBF8B6810
:103D380023F4407343EA0C038B6043681B6899685B
:103D4800490405D5032A09D09A6822F4804204E080
:103D5800032A03D19A6842F480429A6021682B684A
:103D6800994205D004F0D0F80028AEDB23682B6018
:103D78000020AAE790A618342DE9F04143680746C9
:103D88001C6803690D465E680B7991F805E0012B04
:103D98008A791CD1BEF1020F40F2A880022A90460F
:103DA8004FF4C0614FF4005C00F0C580042A00F0B5
:103DB800B1801846002B00F0B280033B012B4FF472
:103DC800805000F2AC806FF08500BDE8F081022BD6
:103DD8000BD1BEF1020F40F29680022A90464FF4B2
:103DE80080610ED04FF4005CE0E7BEF1020F40F2B4
:103DF8008D80022A904640F08B80002B00F0A38033
:103E08000021033B012BDED900204FF002080323D9
:103E18007345D8D103F0BCFF4045D4D1EB79002BD2
:103E28004FD0012B40F097804D4B9C4249D003F175
:103E380070439C4245D04B4B9C4242D003F17043A7
:103E48009C423ED0484B9C423BD003F170439C427D
:103E580037D0464B9C4234D003F170439C4230D05B
:103E6800B4F1502F2DD003F580639C4229D0404BEC
:103E78009C4226D003F170439C4222D03D4B9C4289
:103E88001FD003F170439C421BD03B4B9C4218D07F
:103E980003F170439C4214D0384B9C4211D003F17B
:103EA80070439C420DD0364B9C420AD003F17043BC
:103EB8009C4206D0334B9C4203D003F170439C4292
:103EC80081D12368294623F0010338462360FFF790
:103ED800B5FE0028FFF677AF236843F0010323609F
:103EE80095E8030086E8030000206EE74FF4C06100
:103EF8002548022A904630F81EC07FF457AFD3B940
:103F08004FF080500BE04FF48061F1E70021EFE7BC
:103F1800002167E7002B7FF456AF4FF48050BCF5C3
:103F2800805F14D0BCF5405F13D0BCF1000F7FF464
:103F38006EAF01236CE7033B012B7FF644AF4FF0D4
:103F480002080020EBE719464FF080505FE7002396
:103F58005EE702235CE7032B3FF466AF33E700BF5D
:103F6800001000520044005000480050004C00501F
:103F78000014005200780050007C005000180052D5
:103F8800001C0052000C005690A61834F7B5794D65
:103F98000769446806463D60284605F007FB002887
:103FA80000F0E5803868E16883681B681BB96FF02A
:103FB800570003B0F0BD9847002841D12369012B71
:103FC80033D80021206A01AA03F097FE0028F0DB0D
:103FD800019B002219791868FFF79AFD0028E8DB91
:103FE800756833692C685F68236823F001032360D0
:103FF800686805F0DBFA002800F0B980D5E901010E
:104008008368DB6803B1984754E8003F43F00C032A
:1040180044E80032002AF7D139463046FFF70EFE51
:10402800002810DA6FF01500C3E7AB68E1689B69F8
:104038000831002BBBD00246284698470028C0D03C
:104048000028B6DBBDE72B7D1BB1A36843F008034E
:10405800A3606B7D1BB1636843F400436360AB7D71
:104068001BB1636843F480336360EB7D1BB1636805
:1040780043F4003363602B7E002B66D03E4B9C429A
:1040880049D003F170439C4245D03C4B9C4242D0FE
:1040980003F170439C423ED0394B9C423BD003F124
:1040A80070439C4237D0374B9C4234D003F1704365
:1040B8009C4230D0B4F1502F2DD003F580639C4240
:1040C80029D0314B9C4226D003F170439C4222D028
:1040D8002E4B9C421FD003F170439C421BD02C4BAB
:1040E8009C4218D003F170439C4214D0294B9C4247
:1040F80011D003F170439C420DD0274B9C420AD04B
:1041080003F170439C4206D0244B9C4203D003F138
:1041180070439C4286D173681A68936843F480435D
:10412800936023686A7E23F0787343EA42532360DE
:104138002368AA7E23F4F81343EA02432360EB7E44
:104148001BB1A36843F40043A3602B7F1BB1236812
:1041580043F000532360236843F001032360E369BD
:104168009A02FCD5E3695B02FCD5002021E76FF0D9
:1041780012001EE7CC98183400100052004400507A
:1041880000480050004C00500014005200780050C5
:10419800007C005000180052001C0052000C005611
:1041A8004FF0E02310B50F499C691A6908689B69AC
:1041B8000D4902F4803234B993B903464AB90A6802
:1041C8001044C01A10BD002B08BF03460AB9A34209
:1041D800F5D90A6802440A604FF0E0221269EEE756
:1041E8000446F3E7B4B11834B0B1183410220020F3
:1041F800084B83F82320084B084A1A60084B013AF9
:1042080018604FF0E0235A6198611A6942F007027A
:104218001A61704700ED00E0B4B11834803801002D
:10422800B0B11834684620F007018D4619B5FFF77C
:10423800B7FF1049104B0868D3E90042001942F152
:104248000002C3E9000200230C4A0B600C4BD2E9C0
:104258000041001BB0FBF3F043431B1941F100017F
:10426800C2E9003102F064FAFDF7C6FBBDE8194067
:1042780085467047B0B1183400AE1834F8AD18341C
:10428800803801002DE9F041DFF8D88099B1421C4F
:104298000BD14FF0E022136923F0010313614FF0B3
:1042A8007F43C8F80030BDE8F081D8F800600128E5
:1042B80006DC002708E0431CD8F80060F7D1D020BE
:1042C800D128A8BFD120471EEFF31185102383F30F
:1042D8001288BFF36F8FFFF763FF4FF0E023224C84
:1042E8009969D4E9002380184FF0000243F10003D4
:1042F800C4E900031D4B1A601D4B1A68831A2ED49B
:10430800DFF870C00CFB073303F59C337F33B3FB36
:10431800FCF7131A41F288320CFB0733934238BF7B
:104328001346154A934228BF13464FF0E022C8F8B7
:104338000030013B90695361002381429361A1EBF6
:10434800000338BF9B19D4E900125B1842F1000240
:10435800C4E9003285F31188BFF36F8FA3E741F2F8
:104368008833E2E7B4B1183400AE1834B0B1183469
:10437800F8AD18348038010000E8FD0038B5EFF3D7
:104388001185102383F31288BFF36F8F074B1C68C6
:10439800074B1B68E41AFFF703FF85F31188BFF387
:1043A8006F8F044B2044B0FBF3F038BD00AE1834D7
:1043B800F8AD18348038010038B5EFF311851023B3
:1043C80083F31288BFF36F8F044B1C68FFF7E8FE76
:1043D80085F31188BFF36F8F204438BD00AE1834C1
:1043E8003E4B3F4A30B501209A60022500223D49E4
:1043F80001F58054C1F8180AC4F81802C4F8580224
:10440800C3F8D820C3F8DC20C3F8E020C3F8D800EC
:10441800C3F8DC20C3F8E020C3F8D8500325C3F85C
:10442800DC20C3F8E020C3F8D8500425C3F8DC200A
:10443800C3F8E020C3F8D8500525C3F8DC20C3F83A
:10444800E020C3F8D8500625C3F8DC20C3F8E020E4
:10445800C3F8D8500725C3F8DC20C3F8E020C3F818
:10446800D850C3F8DC20C3F8E020C1F8780AD1F8A6
:1044780078221D4D9B682B611C4BDA6B42F48052ED
:10448800DA63DA6B42F01002DA63DB6BD1F874326C
:1044980043F40043C1F87432D1F8783243F0100382
:1044A800C1F87832D1F87832D1F8783223F0100395
:1044B800C1F878324FF44053C1F8203AC4F820329A
:1044C8004023C1F8240AC4F82402C4F86402C4F8DA
:1044D8005C322B69C4F8780230BD00BF00ED00E003
:1044E800ACAC1834008002560080005600480256D2
:1044F8002DE9F04102680446136823F04053136025
:10450800836833B902684868136823F0404303435B
:1045180013600A682368022A2DD103F5C07203F5D7
:10452800C47503F5C87003F5D0738E6C1660CE6A37
:104538005EB18E6A1E604F6BCB6A16683B430F6B89
:1045480026F47C163B43334313602B684E6C23F0F0
:104558001F0333432B608B6B43B30B68FBB10B6CAE
:10456800B3F1006F44D12568D5F8083123F08043B2
:10457800C5F808311AE0032A03BF03F5A07203F552
:10458800A47503F5A87003F580721BBF03F5847545
:1045980003F5887003F5B07303F59073C5E7CB6B2B
:1045A8002568013B2B648B6B002BD8D1CD68CE6975
:1045B800002D60D0D1E904838F6B002E34D0D1E96F
:1045C80008CE354343EA08031668DFB13B4343EAA4
:1045D8000E030F6C43EA0C033B432B43354D354028
:1045E8002B4313608B68036023688A699A642BE005
:1045F800A36AB3F1804FD9D12568D5F8083143F0C3
:104608008043B5E743EA0E0343EA0C032B4326F441
:104618007C5525F03F052B4313604B69082BE1D1EE
:10462800136843F00063DCE71D4345EA0805136897
:10463800AFB10E6C3D4323F07063354323F03F0365
:104648001D4315608B68036000208B6B2BB10B68D2
:104658001BB9CB6B2268013B1364BDE8F08123F0E2
:104668003F031D4315604B69082B02BF136843F0D5
:1046780000631360E6E7C6B1D1E908708B6B63B1DC
:10468800334315680343086C3B43034325F07060CC
:1046980020F47C5003431360A6E713683043384383
:1046A80023F47C53184310609EE708230120E36538
:1046B800CBE700BFC0C0FFF073B5044602F0E5FBCE
:1046C8000546002C00F0A4800023E365A66D002EAB
:1046D80040F09080204603F06DFC41F28833E16899
:1046E8002366E369226819432369906841EA034114
:1046F800484B0340194363692046013B41EA0321C3
:1047080091602268216AD36823F4E0230B43D360C5
:104718002268216B136923F4F81343EA01431361F8
:104728002268616B136923F0FF030B43136123684D
:10473800A26B5A61216862680B68013A23F47C53C2
:1047480043EA02230B60236E3246009320212B4656
:1047580003F00AFC002859D12268616AD36823F063
:10476800FF030B43D36023682B4A934244D002F1E2
:104778007042934240D0294A93423DD002F17042A0
:10478800934239D0264A934236D002F1704293427E
:1047980032D02168A3680A68E06B22F0807222F0A8
:1047A8004002034313430B602268A16AD2F8083120
:1047B80023F080430B43C2F808312268136843F0A2
:1047C80001031360A369022B04D12268936843F0A4
:1047D80002039360236CB3F5001F01BF226893683E
:1047E80043F400139360E368B3F1806F0CBF0123B7
:1047F8000223A365002009E0236E002200932021F4
:104808002B46204603F0B0FB0028C2D002B070BD92
:104818000120FBE7FCC0E0F80050025800A0025855
:1048280000D0025870B5044603681A6A186855071C
:10483800A16D1FD546031DD5182914D1626C1278B5
:1048480083F85020636C01336364E36C013BE364D9
:10485800E36C23B92268136823F48023136020468D
:1048680003F09EFD70BD2829F2D1626C93F8503098
:104878001370E7E7950740D586033ED528291ED152
:10488800E16C69B112F4FE4F0AD093F85030626CB3
:104898001370636C01336364E36C013BE364E1E729
:1048A800E26C002ADED102225A62216820460B6897
:1048B80023F4E0230B60A26503F0D0F8D2E70222CC
:1048C8005A6220681829036823F4E0230360A2656C
:1048D80003D1204603F0C5F8C4E7082903D12046D0
:1048E80003F0B9F8BEE7B1F5807FBBD1E36D204690
:1048F800002B41D103F02FFDB4E7150711D50103B3
:104908000FD508225A6223681A68520205D51A6818
:1049180022F410221A600223A365204603F0A4F8AB
:10492800A0E7D6072DD5C5032BD5012202255A624B
:104938002268136823F4F81313602368E5651A687E
:1049480050071CD51A68154E22F004021A60236D10
:10495800DE66206D03F075F818B12046A56503F0F2
:1049680074F8636DDE66606D03F06BF800283FF441
:1049780079AF0223A365204603F067F872E7A565BF
:10498800F9E7D1067FF56EAFC2027FF56BAF102253
:1049980020465A6203F06BF864E700BF618318345D
:1049A800F0B58BB0242204460D4601A8002104F07E
:1049B800E2FE624BD3F80024C2F340020292D3F81D
:1049C8000024D20601D5D3F8003401220C205B491B
:1049D800D1F80034D1F800740AAE83EA5703DB43F8
:1049E80000FB026603F0010346F8203CD1F80034CE
:1049F800DB0601D5D1F80034022A73D1504BD3F825
:104A0800603213F020030CD022684E4B9A426BD1CF
:104A1800136813F0010304D0136823F00103136033
:104A28000123474AD2F86022D7040CD522684649A8
:104A38008A4208D11168CE0741BF116843F00203CA
:104A480021F0010111603E4AD2F8602290030CD592
:104A580022683E498A4208D11168C90741BF1168D6
:104A680043F0040321F0010111600020334AC2F829
:104A78000004D2F80014AE6821F47F01013E41EA37
:104A88000641C2F8001421682E4EB1422ED1696841
:104A98002868029130B1D2F8001421F030010143A6
:104AA800C2F800140299059A914206D12349D1F817
:104AB800002442F00102C1F80024029A012A06D11A
:104AC8001E49D1F8002442F00202C1F80024DA0796
:104AD80041BF1C490A6842F001020A609B0727D4BB
:104AE800002023E0022273E700239AE7164EB14222
:104AF80009D16968286805910028D3D0D2F8001434
:104B080021F05001CBE7114A91420AD16A681AB9DB
:104B1800012202920592C5E7012AC3D102900590AD
:104B2800C0E70120E36D43F00803E3650BB0F0BD77
:104B3800054A136843F001031360D1E700B0025837
:104B4800008002560050025800A0025800D00258B7
:104B5800024B5868C0F30010704700BF008002562F
:104B6800024B5868C0F3C000704700BF008002566F
:104B7800024B5868C0F38000704700BF008002569F
:104B8800024BD3F84002C0F38030704700800256D1
:104B9800034BD3F8FC00C0F307400130704700BF57
:104BA8000080025637B5274A5368D9050FD5D2F881
:104BB80088305B000BD5D2F8803003F0E043B3F1C6
:104BC800005F38D006D853B1B3F1805F2DD00020F4
:104BD80003B030BDB3F1405FF9D11B4808E0FFF7DF
:104BE800BFFF0028F3D0936C1848C3F3C113D84013
:104BF800144CD4F8803013F07C7FC3F30551E6D011
:104C0800D4F88020D4F88430D4F88850D4F8884078
:104C1800C5F3C265C4F302640194009523F07F4391
:104C2800C2F30B2203F00BFCD2E7FFF7A1FF002829
:104C3800CDD00748DCE7FFF78BFF0028C7D0054831
:104C4800D6E700BF008002560080BB000090D0036A
:104C580000093D00006CDC0237B5274A5368990506
:104C68000FD5D2F898305B000BD5D2F8903003F00E
:104C7800E043B3F1005F38D006D853B1B3F1805F99
:104C88002DD0002003B030BDB3F1405FF9D11B48EF
:104C980008E0FFF765FF0028F3D0936C1848C3F3CA
:104CA800C113D840144CD4F8903013F07C7FC3F370
:104CB8000551E6D0D4F89020D4F89430D4F8985020
:104CC800D4F89840C5F3C265C4F302640194009512
:104CD80023F07F43C2F30B2203F0B1FBD2E7FFF7C7
:104CE80047FF0028CDD00748DCE7FFF731FF002851
:104CF800C7D00548D6E700BF008002560080BB0039
:104D08000090D00300093D00006CDC0237B5274A4B
:104D1800536859050FD5D2F8A8305B000BD5D2F8E7
:104D2800A03003F0E043B3F1005F38D006D853B1A8
:104D3800B3F1805F2DD0002003B030BDB3F1405FE8
:104D4800F9D11B4808E0FFF70BFF0028F3D0936C5C
:104D58001848C3F3C113D840144CD4F8A03013F04A
:104D68007C7FC3F30551E6D0D4F8A020D4F8A43052
:104D7800D4F8A850D4F8A840C5F3C265C4F30264B7
:104D88000194009523F07F43C2F30B2203F057FBF5
:104D9800D2E7FFF7EDFE0028CDD00748DCE7FFF7A4
:104DA800D7FE0028C7D00548D6E700BF00800256C6
:104DB8000080BB000090D00300093D00006CDC02BD
:104DC80037B5274A536819050FD5D2F8B8305B00B4
:104DD8000BD5D2F8B03003F0E043B3F1005F38D020
:104DE80006D853B1B3F1805F2DD0002003B030BD99
:104DF800B3F1405FF9D11B4808E0FFF7B1FE002886
:104E0800F3D0936C1848C3F3C113D840144CD4F8AA
:104E1800B03013F07C7FC3F30551E6D0D4F8B0204E
:104E2800D4F8B430D4F8B850D4F8B840C5F3C26553
:104E3800C4F302640194009523F07F43C2F30B226C
:104E480003F0FDFAD2E7FFF793FE0028CDD007481C
:104E5800DCE7FFF77DFE0028C7D00548D6E700BF8E
:104E6800008002560080BB000090D00300093D007E
:104E7800006CDC0210B53C4AD2F85C3103F0070341
:104E8800013B062B05D8DFE803F00F15491B333F1C
:104E98005500FFF765FE08B9002010BD936C334834
:104EA800C3F3C113D840F8E7FFF762FE0028F3D038
:104EB8002F48F2E7FFF74CFE0028EDD02D48ECE72D
:104EC800D2F84032DC06E7D5D2F8D400D2F8D43094
:104ED800C0F30740441C03F04053B3F1005F40D0D7
:104EE80034D8CBB3B3F1805FD6D1FFF7B5FE35E048
:104EF800D2F840329805CFD5D2F8E800D2F8E83099
:104F0800C0F30740441CE6E7FFF73AFE0028C3D089
:104F1800FFF73EFED2F8FC300446DCE7D2F8403218
:104F28005903B9D5D2F80C01D2F80C31C0F30740B7
:104F3800441CD0E7D2F840321B03ADD5D2F810019B
:104F4800D2F81031C0F30740441CC4E7B3F1405F06
:104F5800A2D1FFF735FF01E0FFF724FEB0FBF4F024
:104F68009BE7FFF7D3FEF9E7008002560090D003D5
:104F780000093D00006CDC02044B1B6858404308E4
:104F88005B4240421843C017704700BFB8B118349D
:104F98008842F0B505D00025094F04380132013A9E
:104FA80000D1F0BD3E6850F8044F5E4024EA060484
:104FB80051F8256001351E4034430460EFE700BF17
:104FC800B8B118342DE9F04F8DB01D46189B8346B3
:104FD800B3F12A3F8A46179F1A9E059240F08D80AA
:104FE8003946169803F0BDFA012838BF0120470951
:104FF80000F01F044FF001097B01502B34BF4B46D2
:1050080003230A9309FA03F30B930A9B059805FAFD
:1050180003F306EB8303069303EB8503079303F07F
:105028009CFC4FEA8508424600210890304604F06F
:10503800A2FB079BC6F800900393089B3146CDE975
:105048000153059B3046199A009306EB08092B4635
:1050580003F094FC51464246484604F07FFB022385
:10506800494609930B9B099A934248D142463146D7
:10507800584604F073FB4FF00009CA46079B5A468E
:105088000393089B5946CDE90153059B5846009365
:105098002B4603F073FC002C47D11F24013F169BBD
:1050A8000AF1010A53F82730E34003F0010343EA09
:1050B80049090A9B534503D0002CDFD1002FDDD1CD
:1050C800189BB3F12A3F32D1424609FB0861069882
:1050D80004F044FB079B59460393089B5846CDE9C7
:1050E8000153059B069A00932B4603F047FC002CBE
:1050F800C1D1BFB90DB0BDE8F08F00247AE7079B96
:1051080001EB080A0393089B4A46CDE90153059B26
:10511800504600932B4603F031FC099B514601335E
:1051280009939FE7A146A246A8E7013CB7E73146A5
:105138004FF0000A0A4B2A4618681B68584080EA54
:10514800090080EA0A00FFF717FFC3430698FFF734
:105158001FFF099B0AF1010A53454144EAD1B9E707
:10516800B8B11834054B01311B680132434022EABB
:10517800030208400243501E00B27047B8B1183409
:105188002DE9F04F834699B00F4618460021164680
:10519800039303F071FE002800F0868100240125A6
:1051A800774B30461493039915ABCDE90B45CDE900
:1051B8000D45CDE90F45CDE91145139303F0DEFD0B
:1051C800A04228DABBF1000F05D1E7B90024204638
:1051D80019B0BDE8F08F2146584603F057FD044644
:1051E8000028F2D00BA803F09AFC0DA803F097FC56
:1051F8000FA803F094FC11A803F091FC0C2115A84A
:1052080000F02CFBE3E73146384603F009FD04467D
:105218000028E7D1DAE731460BA803F001FD044680
:105228000028DFD103990DA803F0FAFC04460028F2
:10523800D8D1F1880FA80231ADF83850ADF8305008
:1052480003F07BFC04460028CCD101460FA803F0EC
:105258001DFD04460028C5D1F18811A8023103F0CC
:105268006CFC04460028BDD10DA803F03BFD00F0FE
:105278001F001F2873D0C0F11F0319460BA8019304
:1052880003F056FD04460028ACD101990DA803F09F
:105298004FFD04460028A5D1BDF83250BDF83A802C
:1052A8000DA8A5EB080A4FEA4A19494603F040FD44
:1052B8000446002896D14FEA8A0A0DA90BA803F0E4
:1052C80091FD00284DDA49460DA803F04EFD04462D
:1052D800002887D108F1FF3305939B0005F1FF3AB9
:1052E800069305F1804508F18043023B013D9B0090
:1052F800A5EB08050893AB000293059B9A4541D896
:10530800BBF1000F0DD058460FA903F089FC002807
:1053180040F0C680039AB388928813FB02F3ABF877
:105328000430002F3FF45EAF01990BA803F01DFD78
:10533800002840F0B580B3880BA93846ADF8303066
:1053480003F06EFC0146002840F0AC80384603F0BC
:1053580093FD00287FF446AF0123BB8042E7019408
:105368009AE70F9A0BA952F80A300846013342F817
:105378000A300DAA03F069FE044600289DD031E7E3
:10538800010003000D9B069A04931344DDF82C904A
:105398000793049B4FEA8A089A5859F82A10A8F1EB
:1053A80004030F9D0993029B91421D4475D2A8F1F5
:1053B8000400002359F80000FBF740FC002914BF43
:1053C8004FF0FF330346BAF1010F2B600EBF0023E5
:1053D80009EB080353F8083C1593A8F1040359F89E
:1053E8000330169359F80830DDF8108017932B68AE
:1053F80001332B60089B98442B680021013B2B60EC
:1054080011A803F043FC00284AD1059A0AB1D8F83C
:105418000020119B11A91A60079A084612685A6061
:105428002A6803F016FE00283AD113A911A803F040
:10543800D9FC0028E0DC2A680DA911A803F009FEB0
:1054480070BB029B11A84FEAC308414603F070FCE9
:1054580030BB0BA9084611AA03F0F7FD014608BBAB
:105468000BA803F009FD002812DA0DA911A803F012
:10547800D7FBA8B9414611A803F05AFC80B90BA97B
:10548800084611AA03F0DEFD50B92B68013B2B60DA
:10549800029B0AF1FF3A043B2EE74FF0FF3392E7F5
:1054A80004469FE60C469DE66FF00B048FE600BFAE
:1054B8002DE9F0411D4C069F2668002B4FEA970501
:1054C80008BF0B46464017F1040F05F101056FEAC6
:1054D80006064FF0000434BFAC464FF0010CBCF197
:1054E800010C04F104080AD13D1BBC4205F1010579
:1054F80000D807B90125013D0CD1BDE8F081155947
:1055080053F804E005400EEA060E45EA0E050D5173
:105518004446E4E7175D13F804C007400CEA060C9C
:1055280047EA0C070F550134E5E700BFB8B1183456
:105538000928024818BF0020704700BF79AC18340A
:1055480001680E4A0346914216D1C169A2F11022A0
:10555800A2F1EF1291420FD18268012A0CD8C268D9
:1055680012B101698A4207D05A6910462AB198696E
:10557800831A5842584170470120704755AA00FFC6
:1055880070B50D4B9E68A6B13046FFF7D9FF0446AB
:1055980078B9F3686BB935690DB9204670BD2846EE
:1055A800FFF7CEFF28B9EB68B34202D12E462D692A
:1055B800F2E70124F1E700BFBCB118342DE9F84344
:1055C8003F4F3C68BCB1BC68ACB1044698B10C46CE
:1055D80089B101FB00F6B6FBF0F0884242D1311DDB
:1055E80040D826F0030516F0030F05F1040508BF9F
:1055F8003546FC6814B92046BDE8F8836368AB42B9
:1056080032D2A469F6E7FB6041E005F12001631896
:10561800203A5A600022C3E902242A4822691A6102
:1056280060502949D96102B1D36062695A61A169A0
:105638009961AAB193619A6902B153614FF0010966
:1056480023610023C4E90159C4E905333B69DB0739
:105658002ED5FFF795FF58B31C4B48461B6826E02C
:10566800FB60E8E70024C6E7A3681BB1174B0120DD
:105678001B689847626804F12008521B232AC4D883
:105688000123A360D4E90523002ABCD09361A36950
:105698000BB162695A610023C4E905333B69DA0733
:1056A80006D5FFF76DFF18B10120084B1B68984716
:1056B800324600214046444604F05DF89BE700BFAF
:1056C800BCB1183455AA00FF669911EE94AD183490
:1056D80070B50546002800F08880444E3368002BDA
:1056E80000F08380B268002A7FD0834203D87268B2
:1056F8001344984203D33E4B01201B689847A5F1F9
:1057080020042046FFF71CFF18B1394B01201B6805
:10571800984755F8183C012B03D0354B01201B68DE
:105728009847002345F8183C55F8143C3BB39A6851
:105738002ABB55F81C2C02F120015A680A445A6009
:1057480055E905321A6155F8145C2B6903B1DD601F
:1057580020220021204604F00EF8286910B1836841
:10576800002B2ED033699B073FD5FFF709FF002890
:105778003BD0BDE870401E4B01201B68184755F808
:10578800100C00282AD0836843BB4268636813441E
:105798002033636003692361D4E905239AB9CBB93F
:1057A800436963618269A261B3B19C61A36903B172
:1057B8005C61236903B1DC602022002103F0DBFF78
:1057C800D0E72C46E1E79361A369002BE8D0626932
:1057D8005A61E5E7F360F7E7F460E7E7F36845F84F
:1057E800083C03B15C61F460BCE770BDBCB118341F
:1057F80094AD183438B50C461422002105461348D8
:1058080003F0B9FF1249134800F040F8232C1CD9C3
:1058180015F003031FBF043CE418C3F10403ED189B
:1058280022460021284603F0A6FF084B0A49C3E98F
:105838000054203C9D606C609A6811609A68A1F1E0
:105848001021A1F1EF11D161DA6038BDBCB1183473
:10585800D9561834C555183455AA00FF10B50A464C
:10586800044619B1024B00211B68984710BD00BFC0
:1058780090AD1834014B1B68184700BF9CAD183415
:10588800014B1B68184700BF98AD1834024B1860CD
:10589800024B0020196070479CAD183498AD18343D
:1058A800F8B500F108064768044630460D4603F08F
:1058B8001DFA87424BD16368B3F5806F47D8002142
:1058C800304603F0D9FA002841DD0021304603F0C4
:1058D800F9F9E0B345B9294604F1100003F0CCFA10
:1058E800002834DD0020F8BD04F1200500212846F9
:1058F80003F0C2FA00282ADD0021284603F0E2F965
:1059080028B304F128050021284603F0B5FA002839
:105918001DDD0021284603F0D5F9C0B1002104F1AE
:10592800100003F0A9FA002811DD002104F130006D
:1059380003F0A2FA00280ADD002104F1380003F080
:105948009BFA002803DD002104F14000C6E7014866
:10595800C9E700BF80BFFFFF012970B505460E46A5
:10596800144601D9074870BD03D00020C5E91C645E
:10597800F9E7002AF9D01046FFF7DAFD0028F4D13C
:10598800F0E700BF00BFFFFF70B500210446FFF736
:1059980087FF054610B10E4D284670BD04F1080674
:1059A800304603F09FF97F28F5D910342946204660
:1059B80003F088F90028EED0204603F093F9012877
:1059C800E9D93146204603F00DFA0028E4DBE2E786
:1059D80000BEFFFFF0B50C4685B00021054616460F
:1059E800FFF75EFF002839D102A803F093F821469B
:1059F8006A6802A803F080F9044618B102A803F007
:105A08008EF80CE005F10804214602A803F0EAF933
:105A1800002807DB02A803F082F86FF00304A4F55E
:105A2800854418E005F1480302A96F680846009309
:105A380005F11002234603F05EFC04460028DDD180
:105A48003A46314602A803F06DF9044602A803F06D
:105A580066F8002CE3D1204605B0F0BD004CFAE70B
:105A680080BFFFFF03460846C1B9C3E910110D4ABC
:105A78000D49DFF838C0C3E912120D4A0D49C3E9D0
:105A880014C20D4AC3E916120C4A1A6602F174527E
:105A9800A2F52302A2F692425A6670476FF073008D
:105AA800704700BF85AE67BB67E6096A72F36E3C54
:105AB8003AF54FA57F520E518C68059BABD9831FD1
:105AC8002DE9F04F4FF0040E82464EF001E0CFB0C2
:105AD800039100F1480346AC224618685968083318
:105AE80003C214460FF009C0DDE948C3DDE94BE500
:105AF800DDE946140093424B4FF000080193402320
:105B0800DDF834914A9804AA0293B8F10F0F5FD8D0
:105B1800039B53F828301BBA4FEAF02785EA0E0694
:105B2800DDF804B087EAB017064087EA70676E4070
:105B38003E445BF8047B93603E44334444EA0107E7
:105B48004FEA71364B4486EAB10604EA010907EACE
:105B58000C0747EA090786EAB156CDF804B006EB08
:105B6800070B029E009F013E1F44A9465B4408F1B3
:105B7800010802F10402CDF800C0029621D1CDE956
:105B88004CE54FF0080E4EF001E0CDE94A70CDE942
:105B9800484CCDE94631CDE9043B45A90AF1440317
:105BA80053F8042F51F8040F02441A600FF009C08B
:105BB80004A84FF49471FFF751FE00204FB0BDE8E0
:105BC800F08FA44675460C468646194638469CE72B
:105BD800136852F838BC4FEAF34686EA734686EAF9
:105BE800932652F8143C52F8347C5B4433444FEA11
:105BF800B74686EAF71686EAD70633448CE700BF2D
:105C08004CA5183438B5EFF31185102383F31288A7
:105C1800BFF36F8F064B9C6803F0DBFC85F311889C
:105C2800BFF36F8F2046BDE83840FCF707B900BFC7
:105C3800D0B1183438B50A4B53F82040013053F826
:105C48002050A54200D838BD606830B1037FDB071B
:105C580001D403F093FC0834F3E723689847FAE784
:105C68004CA61834012270B5294B032086B01A704F
:105C7800FFF7E0FFFBF782FE0420FFF7DBFF254C70
:105C8800254D2646AE4204F1300410D300F0F2FA56
:105C9800204C224EAC4226D300F000FBFBF736F92D
:105CA8001F4A137B23F00103137306B070BD54F829
:105CB8000C3C059354F8103C049354F8143C03939B
:105CC80054F8183C029354F81C3C019354F8203CB7
:105CD800009354E90A2354E90C0100F05FF954F8E1
:105CE800303C5E65CDE7D4E90A23B3F1FF3F08BF36
:105CF800B2F1FF3F05D052EA0301206803D100F05A
:105D080009FB3034C6E73146183000F081FCF8E76B
:105D1800FDCA18345CA118345CA11834DB96183419
:105D280088AE18340023012270B586B0CDE904236B
:105D38000F220193CDE9023214234FF4A0720E4DC5
:105D48000E4E03FB00550E4906EBC016044602FB37
:105D580000110C4B3046009500F020F9737B2C7431
:105D680023F004037373084B013403EBC423EE6080
:105D78006B6006B070BD00BFD0B1183408AE1834DF
:105D880000D31834E195183400CB1834BFB500207F
:105D9800FFF750FF2F4B03F5006282F3088883F367
:105DA8000A880025F0232C4C2C4F84F82230E57704
:105DB80025766576A57684F82050E576636A43F4FF
:105DC800E0236362636A43F400236362A563E368C4
:105DD8009BB243F0BF6343F40833E360FBF7A2FFD1
:105DE800FCF704F94FF0FF33A362E362FCF7A4FA6F
:105DF800FCF726F91A4800F00FF9FBF75BFD0120C4
:105E0800FFF718FF0220174CFFF714FF00F07AFA8B
:105E1800154B16495C61164B4FF42052059301232C
:105E28002046CDE90353CDE901553B46009500F0E6
:105E3800B5F80646627B204622F00402627303F03E
:105E48001CFC2846FFF76EFF3A4631462046FCF711
:105E5800ADF800BF00CB183400ED00E06D5C1834DD
:105E680008AF183488AE1834D0B1183440D4183478
:105E78007CAC183470B5EFF31186102383F31288C5
:105E8800BFF36F8F0468A0421AD0CCB1D4E90032B6
:105E9800002513605A60637BC4E9005523F00203B0
:105EA8006373A56004F1180003F02EFC2046A56773
:105EB80003F0E3FB3146BDE87040074800F0B4B991
:105EC800D0E902329A4253EA0393836086F3118839
:105ED800BFF36F8F70BD00BFFECA183413B5EFF360
:105EE8001181102484F31288BFF36F8F846844B142
:105EF800013C846081F31188BFF36F8F002002B0EA
:105F080010BD52EA030406D181F31188BFF36F8FE5
:105F18006FF00F00F3E7CDE900230246014800F0D7
:105F280061F9ECE7FECA18342DE9F0410546EFF3B4
:105F38001187102383F31288BFF36F8F00236FF04C
:105F48000A081E462C68A54216D0ACB1D4E9003226
:105F580013605A60637BC4E9006623F0020363732D
:105F6800A66004F1180003F0CFFB2046C4F878803F
:105F780003F083FB0123E5E70022AA602BB1394631
:105F8800BDE8F041044800F04FB987F31188BFF32A
:105F98006F8FBDE8F08100BFFECA18342DE9F043C9
:105FA800984685B000F15803C0E91633109B0026C7
:105FB80003730423073222F0070543730F9B01EB99
:105FC80005090F4683734946C0E906668660C673AD
:105FD8000446FBF7F1FC0E9B073020F00700A06693
:105FE800C4E9187502930D9BA9EB000901930C9B5A
:105FF8004A460093394643462046FBF7BBFF054B0C
:1060080066659B6803B1DB6E4846E36605B0BDE88C
:10601800F08300BFD0B1183440F20113838100230C
:10602800C0E91833C366014B98607047D0B1183483
:106038006FF00A01084A93689967084958674B68DE
:1060480043F080534B60002383F31188BFF36F8FB5
:106058009368986F704700BFD0B1183400ED00E026
:1060680070B590F90D20437B002A36DBD90634D170
:106078001B4C63F07F032246437352F8183FE169D3
:10608800934207D1C0E900210860E06111E099421C
:10609800F8D01B68002BF5D090F90E5093F90E60DC
:1060A800B542F4D0AE42F2DD5968C0E9003108606B
:1060B8005860A569954200D005B9E568A3685A7B80
:1060C800D20604D1DA897F2A01D9AA6932B1AB4252
:1060D80002D0284600F016FA656170BD6361FCE7DE
:1060E800D0B1183438B590F90D200146002A437B09
:1060F80004DA03F07F03437303F085FA0D4D2A4653
:1061080052F8184FAB68944200D004B9EC688B423F
:1061180007D05A7BD20604D1DA897F2A01D9A2692D
:106128002AB1A34202D0204600F0ECF923466B6165
:1061380038BD00BFD0B11834B3F1FF3F08BFB2F18A
:10614800FF3F03D00249183000F062BA704700BF21
:10615800DB96183470B590F90D200146002A437B70
:1061680004DA03F07F03437303F04DFA1C4C4B7BB6
:10617800224663F07F034B7352F8183FE06993425D
:1061880007D1C1E900200160E16111E09842F8D02F
:106198001B68002BF5D091F90E5093F90E60B542AB
:1061A800F4D0AE42F2DD5868C1E9003001605960B0
:1061B800A569A368954200D005B9E5688B4207D068
:1061C8005A7BD20604D1DA897F2A01D9AA692AB171
:1061D800AB4202D0284600F095F92B46636170BDAA
:1061E800D0B11834F8B5DDE906670D4B0C46986850
:1061F80011460C4A1060EFF31182102282F31288C4
:10620800BFF36F8F9D68284603F00FFA2846324681
:106218003B46FFF791FF2046BDE8F840FFF708BF6F
:10622800D0B11834F0B1183449B9EFF3058030B95A
:10623800054B5A699B689A4201D0FFF7F9BE81F372
:106248001188BFF36F8F7047D0B11834034648B92F
:10625800EFF3058232B9064A51699268914201D03A
:10626800FFF7E6BE83F31188BFF36F8F704700BF57
:10627800D0B11834EFF31181102383F31288BFF3E0
:106288006F8F054B9A68D37B013BD37381F31188D9
:10629800BFF36F8F704700BFD0B1183470B5EFF3FC
:1062A8001186102383F31288BFF36F8F144DAB68E8
:1062B800DA7B0132DA732A4652F8184F944200D03A
:1062C80004B9EC685A7BD20604D1DA897F2A01D94D
:1062D800A2692AB1A34202D0204600F013F923464E
:1062E8006B6186F31188BFF36F8FEFF31180102372
:1062F80083F31288BFF36F8FBDE87040FFF7A6BF26
:10630800D0B11834024B03F11802C3E906227047D2
:10631800D0B1183438B50446EFF31185102383F350
:106328001288BFF36F8F437B5B070FD5183003F0DC
:10633800EBF9637B204623F004036373FFF790FEB9
:106348002946BDE838400448FFF76EBF85F3118839
:10635800BFF36F8F38BD00BFFECA1834014B986871
:10636800704700BFD0B118342DE9F8430446077BC5
:10637800EFF31185102383F31288BFF36F8F437BEC
:10638800190705D585F31188BFF36F8FBDE8F8832A
:10639800D90943F008025DD14273A36813B12046BE
:1063A80003F039F904F1180003F0AEF9A66D04F111
:1063B8005808B04511D04FF0000976B1304603F0C7
:1063C8002AF906F1180003F09FF93046C6F87890CC
:1063D800FFF746FEA66DB045EFD1DFF8C080D8F8CC
:1063E80008309C423ED1EFF30589B9F1000918BF86
:1063F8004FF00109D8F81860294A964200D00EB922
:10640800D8F80C60B34202D0304600F07BF8204642
:10641800C8F8146000F0ACFDB9F1000F02D02148B3
:10642800FFF7FAFDD8F808309C4231D1EFF3058325
:1064380073BB227BD20718D42846FFF7F9FDFB0768
:10644800A4D5002383F31188BFF36F8F0423184664
:1064580002DF9BE703F07F0343F00803437303F075
:10646800D2F89AE74FF00009C4E785F31188BFF323
:106478006F8F83F31188BFF36F8F0423184602DFF1
:10648800EFF31180102383F31288BFF36F8FD4E7E3
:1064980085F31188BFF36F8FD1E700BFD0B11834EF
:1064A800E8B1183408AF18340122044BC01A044B61
:1064B800C0105843034B1A54704700BF88AF1834B4
:1064C800ABAAAAAAFECA1834C3897F2B12D80A4BD2
:1064D8001B6863B1094B90F90E201B689A4209DBCF
:1064E800437BDB0606D1064BC31A18BF012303F012
:1064F800010070470023FAE7A0AD1834F4B118344E
:1065080008AE183470B50E4B0E4C1E7C054606EBD3
:10651800460304EBC304204603F0F6F800220A4BB6
:1065280028469A55FFF7D0FF48B1084B2046BDE8EA
:1065380070401A680649013AD31700F069B870BD6F
:10654800D0B1183488AF1834FECA1834A0AD183446
:10655800B164183438B5EFF31185102383F312882A
:10656800BFF36F8F104B114A9C681068A04206D188
:10657800FFF7C8FF85F31188BFF36F8F38BD00217F
:106588001B7C11600A4AD35C002BF3D02046FFF72E
:106598009BFF0028EED0637BDB0602D12046FFF785
:1065A800D9FD2046E4E700BFD0B11834F0B1183463
:1065B800FECA1834024B1868984208BF002070477A
:1065C800A4AD1834034B1B680BB9FDF7D7BE0020E8
:1065D800704700BFF8B1183430B570B10B4B5B6829
:1065E80098420AD0036843B1D3E90421D0E90445AD
:1065F800121941EB0501C3E90421D0E90032136007
:106608005A600023C0E9003330BD00BFA4AD183480
:10661800B3F1FF3F08BFB2F1FF3F2DE9F84F044641
:10662800994615461F467AD08160EFF311881023EA
:1066380083F31288BFF36F8FB9F1000FDFF8E4A07E
:1066480020DBFFF7BFFFDAE90027013549F1000930
:106658002D1849EBE07306464FF00109C4E90453CD
:10666800AD1843EB0707FFF7A5FF0346DFF8B8E0CF
:10667800DEF804A0EBB9C4E900EACAF80040CEF895
:10668800044028E06FF00103DAE900125B1A4FF0CA
:10669800FF3161EB02025B1B62EB0902012B72F115
:1066A8000001BCBF012300224FF00009C0E90432F9
:1066B800D9E7D3E9041CD4E904208A4270EB0C0B17
:1066C80024DA891A5A686CEB0000C3E90410C4E99B
:1066D800003214605C60FFF76DFF84420ED1134BEB
:1066E8001B685BB9B9F1000F02D1FFF76BFF0646D3
:1066F800304602F0F2FF0021FDF7C4FD88F311884F
:10670800BFF36F8F28463946BDE8F88F521A60EB01
:106718000C009A45C4E90420ADD01B68AAE70025FF
:106728002F46EFE7A0AF1834A4AD1834F8B11834E9
:106738002DE9F047EFF31185102383F31288BFF397
:106748006F8FDFF8A0900026C9F800000027FFF738
:1067580031FFDFF89480D9F80030D8E900ECD91778
:1067680050B1D0E90442A34271EB020A1BDAE41AE1
:1067780062EB0102C0E90442002413EB0E034CEB68
:1067880001012046C8E90031C9F8004002F0A5FF20
:106798002146FDF777FD85F31188BFF36F8FBDE8BC
:1067A800F047FFF7D7BE14EB0E024CEBE473C0E9D9
:1067B8000467C8E90023FFF70FFF85F31188BFF3CB
:1067C8006F8F83689847EFF31185102383F312883E
:1067D800BFF36F8FD9F800301B1BC9F80030FFF7E3
:1067E800E9FEB8E7F8B11834A0AF183410B5EFF3E4
:1067F8001184102383F31288BFF36F8FFFF7E2FE33
:106808000346054AD2E90001181841EBE37184F305
:106818001188BFF36F8F10BDA0AF1834F8B50E4BB9
:1068280006461D68AB789B0712D56F6816F8014BB2
:1068380029462CB90A20B847002805DB204609E07C
:106848002046B8470028F1DAAB7843F00403AB7070
:106858004FF0FF30F8BD00BF78A218342DE9F04F93
:106868008378154685B007469A07D0F8048040F12A
:10687800B580002691F800B0BBF1000F00F0B080A1
:10688800BBF1250F05D001F1010A013639465846FA
:1068980060E091F801B001F1020ABBF1250FF4D0D4
:1068A800002401211F2C26D8ABF12002102A10D970
:1068B800ABF13002092A37D81AF801BBBBF1000F37
:1068C800F0D139462520C0470028C0F2838002361F
:1068D800DCE701FA02F0844B1842EDD1032A64D0B8
:1068E800ABF13002092AE7D9BBF12A0F11D10435DF
:1068F80044F02004E0E77F2C16D8ABF13002092AD7
:10690800DAD9BBF12A0F0CD1630605F10405D3D4FB
:10691800EEE7BBF12E0F0AD1600661D444F04004C3
:10692800CAE7BBF12E0FF7D0BBF16C0F2CD0BBF12F
:106938006C0F13D8BBF1680F2DD0BBF16A0F31D0A3
:10694800BBF14C0F2ED0BBF1630F0DD10136394688
:1069580015F8040BC047002836DA3BE0BBF1740F8A
:10696800AAD0BBF17A0FA7D0ABF16402112A00F2CA
:106978009080DFE802F0398E8E8E8E398E8E8E8E64
:106988008E98888E8E1C8E72220648BF44F400743E
:1069980044F0800490E7E30548BF44F4007444F4ED
:1069A800807489E744F4207486E7102484E72C680F
:1069B8004E4B002C08BF1C46A1464B4619F8010B4C
:1069C80020B9341B04351E19514653E73946C047D0
:1069D8000028F2DABB7843F00403BB704FF0FF36AF
:1069E800304605B0BDE8F08F20062DD5A10549BF7A
:1069F800073555F8040B25F0070555F8080B00284E
:106A08000DF104094FF00A02BCBF44F4806440420F
:106A180024F01004A4B2494602F0CCFEE206A0EB32
:106A280009094DD539463020C0470028D2DBBBF1D3
:106A3800000F57D0023639465846C0470028C9DBF0
:106A48004C460DF1040B49E0E20555F8040BD6D588
:106A5800A3054CBF40B200B2D1E724F010040A22CB
:106A6800A4B2200623D5A10549BF073555F8040B64
:106A780025F0070555F8080B10B924F01004A4B246
:106A88000DF10409C7E744F0100410224FF0780B09
:106A9800E7E74BF02002782A7FF413AFCBF17802B6
:106AA80042F01002DDE708224FF0000BD9E7E305BA
:106AB80055F8040BE0D5A1054CBFC0B280B2DBE7A6
:106AC8006305BDD5013639462D20B6E7013C394668
:106AD8001BF80400C0470028FFF67CAF002CF5D156
:106AE8004E4471E70136ABE78128010081AC1834C8
:106AF80038B5044C044DAC4200D138BD54F8043DBF
:106B08009847F8E7000000000000000070470120E7
:106B1800704730B500290446154685B011DB8368F7
:106B28008B420ED96368C068194401AA00F041FC81
:106B380028B96268019B9B1A2B60029B6B6005B0A9
:106B480030BD6FF02100FAE770B59AB06846DDE90C
:106B580020560C4602F065FC00216846FEF782FFCD
:106B680035B1002E04DD32462946684602F062FC43
:106B78006289238961681344E26868461A4402F00E
:106B880059FC1F99684602F094FC684602F04DFCD7
:106B980000201AB070BDF7B518B94FF0FF3003B038
:106BA800F0BD0029F9D0002AF7D046F6081CCD68B8
:106BB8000C894E892C444D682F192D591FFA85FED2
:106BC800E645019520D1B6EB154F4FEA154CE4D1B7
:106BD8005CF80750019546F60715BDF80460AE420B
:106BE800DBD1C0E9001203819DF82030BDF80620F2
:106BF80083724B892344C3604B8913442344043470
:106C0800436104610020CAE7002EE4D0C5E72DE9FE
:106C1800F04700283BD00668002E38D04468002C86
:106C280035D04FF6FF7ED0F814C0056965450ED201
:106C3800748924B1C468AC4204BF04340461046993
:106C48007568877A2D592FB1C768BC4202D30120D5
:106C5800BDE8F087B0F80880C5F30F49F0454FEA62
:106C6800154703D01FFA85FAD0450CD103B11D8012
:106C7800036904330B60A2F80090036904333B44B2
:106C880003610020E4E704343C440461CDE74FF09D
:106C9800FF30DDE748B103683BB143682BB1C068FA
:106CA800884294BF0020012070474FF0FF307047A2
:106CB80002F070BD084602F04CBC01292DE9F341F1
:106CC800174601D900F090F92C2303FB0104D4F8EE
:106CD8002080B8F1000FF5D0E368268940461E44AD
:106CE800042331460DEB030200F0F5F8054620B108
:106CF8000125284602B0BDE8F08146F60813BDF824
:106D0800042064899A421AD1BDF806309C4201D009
:106D18000325EEE7042340460DEB0302A11900F01A
:106D2800DAF80028E4D146F60713BDF804209A42A1
:106D3800EED1BDF80610214431443960D9E7002C62
:106D4800F1D0E5E72DE9F3411E46836805468B42FD
:106D58000C4690462FD95B1A93422CD3EEB16A4663
:106D6800FFF7D7FE002828DB013C009F44446A4611
:106D780021462846FFF7CDFE00281EDBDDE900840A
:106D880028462246414600F0BCF8002815DB6EB1C3
:106D9800474512D208F1FF34E9E701396A46414410
:106DA800FFF7B7FE002808DB009FE0E74444A7424E
:106DB80003D30134DBE74FF0FF3002B0BDE8F081C8
:106DC80010B528B1BDE810407022002102F0D3BCF4
:106DD800FAF71EFBF6E710B412B110BCFFF7B2BF0A
:106DE800104610BC7047002382681946FFF7F3BFAE
:106DF800002110B504460846FAF7E2F804F120012C
:106E0800C0B2FAF791FD40B90121FAF7D9F804F1B7
:106E18004C01C0B2FAF788FD08B100F0E5F810BDE2
:106E280010B50446C06C08B100F054F8206A18B1D7
:106E3800BDE8104000F04EB810BD08B52C2303FB88
:106E48000100006A08B900F0CFF82023002100F003
:106E580042F8003818BF012008BD4FF050530B60AE
:106E68004FF40013002013607047002070470FB4E0
:106E780007B504A951F8040B0191FAF7DFFC03B038
:106E88005DF804EB04B07047704708B502F064FC85
:106E98000A220023F9F7D2FE08BDFDF7A1BA0FB404
:106EA80007B504A951F8040B0191FAF7C7FC03B020
:106EB8005DF804EB04B07047002909DB8368581AB1
:106EC800904234BF002001208B4298BF00207047B9
:106ED80000207047704770B516461A4605460C469E
:106EE800FFF7EAFF50B16968E868214483681C68C5
:106EF8001346A4463246BDE8704060476FF015005F
:106F080070BD70B505460C46FFF7D6FF40B16968FD
:106F1800E868214483689B682BB1BDE87040184736
:106F28006FF0150070BD6FF05700FBE708B5C0683B
:106F38008368DB689847407908BD02F01CBC0128CB
:106F480001D1EFF30583FEF75DBE01460068FFF748
:106F5800F6BF08B5FAF72CFDBDE80840FAF74CBDB6
:106F680000210120FFF7EBBF036E83F30B88704706
:106F78006FF08500704761B662B680F31188BFF381
:106F88006F8F704772B6002383F31188BFF36F8F3A
:106F9800BFF34F8F30BF62B6BFF36F8F704740E8C3
:106FA80000F313F4803FD8B208BF6FF015007047A4
:106FB80030B50C684B6887B00194013B24F01F047E
:106FC8000A8923444D8923F01F03049302F01F020A
:106FD8000B7B42EA451201A98DF80C208DF814307C
:106FE800FBF76CF807B030BD08B5FBF779FA08B5C0
:106FF800FBF762FA002008BD7047002008B514218D
:10700800FBF7AEFA024601461420FAF77DFF00228C
:1070180015210120FBF7A4FA11461520FAF774FF91
:10702800002216210220FBF79BFA11461620FAF7D8
:107038006BFF002217210320FBF792FA1146172055
:10704800FAF762FF002218210420FBF789FA11469B
:107058001820FAF759FF002219210520FBF780FABA
:1070680011461920FAF750FF00221A210620FBF7D3
:1070780077FA11461A20FAF747FF00221B2107204A
:10708800FBF76EFA11461B20FAF73EFF00221C217F
:107098000820FBF765FA11461C20FAF735FF002295
:1070A8001D210920FBF75CFA11461D20FAF72CFF79
:1070B80000221E210A20FBF753FA11461E20FAF778
:1070C80023FF00221F210B20FBF74AFA11461F203D
:1070D800FAF71AFF002220210C20FBF741FA11468B
:1070E8002020FAF711FF002221210D20FBF738FAA2
:1070F80011462120FAF708FF002222210E20FBF773
:107108002FFA11462220FAF7FFFE002223210F2032
:10711800FBF726FA11462320FAF7F6FE002008BDF1
:10712800012001F01F018840704710B5FF24C200FC
:1071380000F00C0000F1AC4000F51430036E02F0D2
:107148001802944023EA040391400B43036610BDE0
:1071580010B50888C0F30B00FBF708FB00281FDBFD
:107168004A68FF2A1BD093B203F1AC4303F52033DE
:107178001868C2F38454C2F3054204FA02F220EA02
:1071880002021A6049688BB203F1AC4303F520335D
:107198001868CA0EC1F305418A4002431A600020EC
:1071A80010BD088808B5C0F30B0000F6B453C3F34C
:1071B8000B03302B0AD800F1AC4000F520300268F0
:1071C8004B68934314BF0120022008BDFBF7CEFA99
:1071D800002814BF01200220F7E70029034614BF46
:1071E8000120002007D01A0A0A70C3F3421203F0E4
:1071F8001F034A708B70704710B50C4619460D2A4C
:1072080008D8DFE802F00A15621A21262E33384121
:10721800464B565C6FF0150010BDC3780E2B56D93F
:10722800A36B13F4007F0CBF6FF085000020F3E719
:10723800C378122B4BD9A36CF3E72368D80346D540
:10724800A089FFF7CAFFE7E723685A023FD560899C
:10725800F7E7C378102B3AD9206C030E37D0000C0F
:10726800EFE72368DB0232D5E089EAE72368980272
:107278002DD52089E5E7C378102B28D9206C10F488
:107288007F4F24D080B2DCE72369DA071FD5E08A74
:10729800D7E72369DB061AD5608BD2E7C378132BAF
:1072A80015D994F84D30FF2B0CBF6FF085000020E6
:1072B800B2E7C378132B0AD994F84E30F3E7C378B2
:1072C800132B04D994F84F30EDE70020A4E76FF0B2
:1072D8008500A1E74B1E5B0800EB8300C36911F032
:1072E800010F4FEA134008BF0346C3F3072113F009
:1072F800FF031BBF002011706FF01500537070471B
:10730800C3780E2B21D9896BCB0CC1F3C05003F085
:107318000E030343080B00F0F0000343880800F451
:107328007C500343C1F3402043EA8033C80200F491
:1073380078200905034301F470010B43116800200C
:1073480001F07F410B43136070476FF08500704771
:10735800F7B51C460023164682682360A3600D46D5
:107368005369694601AA9847019B5A1E01921BB9A5
:107378006FF0150003B0F0BD0098A2684768216857
:10738800676085B9B31AD0F800C0634528BF634663
:1073980003FB07111A442160A26002689A4206D8CA
:1073A80008300090E0E76B1AB3FBF7F3EBE7002037
:1073B800E0E713460022FFF7CBBF036984330B6075
:1073C80001231360704743680020DB69C1E900307E
:1073D8007047FEF74FBD38B5154604694268CB6360
:1073E8000023C4F8A430536A082B06D10B6AB3F5FE
:1073F800405F02D06FF0040038BD41F28832204669
:1074080000F0D9FD0028F5D12946204600F0BFFE3E
:107418000028EFD14FF0FF324FF0FF3304F1740032
:10742800FEF75CFDD4F8A400E6E72DE9F041D0F8BA
:10743800048094B004690F46154698F8241098F80B
:10744800282001A81E46FBF7C3FDD8F82430082BD6
:1074580015D145F6A523142203934FF440531292F5
:10746800204641F2883201A909930797109600F047
:10747800A2FD90B16FF0150014B0BDE8F0815A225A
:107488000123CDE903234FF080730F934FF48073EA
:10749800082208934FF40053E1E741F28832294665
:1074A800204600F01DFE0028E4D1C4F8A400E3E75C
:1074B800002208B5AB201146FAF726FDBDE80840C2
:1074C800AB20FAF713BD0069FDF7ACB970B594B0FD
:1074D80004460D4601A816460A460821FBF778FD22
:1074E80047F28E1303930023022D0CBF05220422BA
:1074F80007930CBF022301231292204641F28832DF
:1075080001A9109300F057FD18B16FF0040014B0F2
:1075180070BD41F288323146204600F0E1FD002876
:10752800F5D0F2E70022C0F8A42041F2883200F03A
:1075380042BDF0B5102799B044684C220021056976
:10754800064605A802F017F93A46002101A802F0FC
:1075580012F9636A012B10D195F89620042A03D0FA
:107568006FF0040019B0F0BDA26A0593012A20D17A
:107578000C214FF4807208930BE001220592A26A55
:10758800012A16D10422CDE908274FF48062D5F8E4
:1075980098100C9295F896200791042A0CBF4FF486
:1075A80040524FF40052012B0D9214D14FF08073CA
:1075B80013E00423082108931023CDE909314EF67E
:1075C800116307934FF480634FF4006C0C934FF4EE
:1075D8004053CDE90D3C4FF080631393A36A013B00
:1075E80018BF0123DB061593A36A012B39D1636AFF
:1075F800012B14BF062308231693A36A41F288328D
:10760800013B18BF012328465B0705A9179300F023
:10761800D2FC0028A4D102230593A36A012B22D10E
:10762800636A012B1FD1336993F89630042B14BF7A
:10763800022312230793002341F28832284605A922
:10764800179300F0B8FC00288AD14FF080630190AE
:10765800039001A92846049300F039FE002881D040
:107668007EE70623C8E741F2ED23E3E74FF0FF3258
:107678004FF0FF336430FEF731BC2DE9F0410C1EAA
:10768800064690461F462BDB4168E219C9694FEA56
:10769800E47343F1000391424FF000029A411FD373
:1076A8006FB1006903681B6803F04053B3F1405F92
:1076B80009D13A46404604F1E04102F04FF800256E
:1076C8002846BDE8F081FFF7D1FF3046FFF731FFCC
:1076D800054630696430FFF77CFE002DE9D0EFE7FE
:1076E8006FF01505ECE7002370B5C0F8A430044628
:1076F800154600F0A2FD70B90A2304F17406A5FB33
:1077080003233046FEF7EAFB40B1204600F049FE6D
:107718003046FEF709FC6FF0040070BDD4F8A400F1
:10772800FBE7F0B50E46144699B01422002107690C
:107738000546684602F01FF82246314605A8FBF7C1
:1077480047FC082E22D140F2FA53022C079307BFB8
:107758000222052304230122169300230B930123FD
:10776800102001934FF480031492CDE9033041F2C5
:107778008832384605A900F01EFCA8B941F28832C3
:1077880069462869FFF7AFFF19B0F0BD0123052648
:107798004FF08072CDE907630023022C13920C93FB
:1077A80014BF01220222D7E76FF00400ECE7F0B51E
:1077B8000D46144699B0076914220021064668460A
:1077C80001F0D9FF05A822462946FBF701FC082D40
:1077D8000DBF40F2F96306200123079318BFCDE9D6
:1077E8000703002341F28832384605A90C93139306
:1077F800169300F0E0FB034618B16FF0040019B0CF
:10780800F0BD082D2AD140F2FA53022C07934FF409
:1078180080604FF080610BBF052304230222012200
:10782800169300230C9013911492384641F2883233
:1078380005A90B9300F0BFFB0028DED1022310221C
:10784800CDE900334FF480030290CDE90332694655
:1078580041F288323069FFF746FFD0E7052101225F
:10786800022CCDE907124FF480704FF0807108BFE9
:107878000222D5E72DE9F0470D1E064691461F4620
:1078880094B0C0F2A680D0F80480EA19D8F81C1089
:107898004FEAE57343F1000391424FF000029A4129
:1078A800C0F097803C46002F65D004692046FFF75A
:1078B800DDFE306903681B6803F04053B3F1405F95
:1078C8005DD098F8282098F8241001A8FBF780FBD1
:1078D800D8F82420D4F89C30082A039356D1336969
:1078E800304693F896300795042B0CBF4FF440535D
:1078F8004FF4005309930023129398F8282098F81E
:107908002410FFF70EFF044688BB304698F828205D
:1079180098F82410FFF74BFF044640BBB7F5807F6B
:10792800BA4628BF4FF4807A0AEB050101392A0AC2
:10793800EBB2B2EB112FC3F5807318BF9A464A46D3
:107948005346304601A90795FFF745FD044670B92F
:10795800304698F8282098F82410FFF7E2FEA7EBA5
:107968000A070446D144554408B9002FCDD13069DF
:107978006430FFF72EFD204614B0BDE8F08700F014
:1079880010FD00289DD06FF00404F0E7342B18D0C8
:107998000ED8122B03D0322B13D0022B9FD10123E8
:1079A80004934FF4807308934FF080730F9396E716
:1079B800382B01D03E2B92D1012304934FF440730E
:1079C80003E0012304934FF4807308934FF040734E
:1079D800ECE76FF01504CEE770B594B004460E4698
:1079E800154600214C2201A801F0C5FE4FF0807217
:1079F8000123022E0F9204930CBF35220522109307
:107A0800002324690392204641F28832C4F8A43046
:107A180001A900F0D0FA18B16FF0040014B070BDDD
:107A28002946204600F0D4FB0028F5D14FF0FF325C
:107A38004FF0FF3304F17400FEF750FAD4F8A400B5
:107A4800ECE700207047002070476FF004037430A3
:107A58000363FFF7BEBC7430FFF7BBBC7430FFF79D
:107A6800B8BC7430FFF7B5BC7430FFF7B2BCFFF791
:107A7800ECBF436800205B681B690B607047436874
:107A88005B68586942400A4042405A61002070478A
:107A9800436800205B6899617047436800205B6811
:107AA80099627047436800205A6853694B40536194
:107AB800704710B503699868F8B1884219D1DC6835
:107AC8000868A142986000D1D860002008602AB1F7
:107AD8009A680A60DA68996002B9D960002010E0F3
:107AE800814206D108682060D8688142EDD1DC6007
:107AF800EBE7044600680028F2D1002AE8D16FF0CD
:107B0800150010BD2DE9F0434468012066688840DF
:107B1800C2F3801526EA00068D40354390FAA0FE90
:107B2800BEFA8EF64FF003086560D4F808904FEA65
:107B3800460CC2F3C11508FA0CF829EA080905FA37
:107B48000CF545EA0905A5601F46C2F3412502F078
:107B58003003E26805FA0CF522EA08021543202BE7
:107B6800E56010D107291ED8BEF1000F14BF3246B8
:107B78001A460F25216A9200954021EA050107FA65
:107B880002F20A43226290FAA0F0B0FA80F00321D0
:107B9800226840001B09814022EA01028340134306
:107BA8002360BDE8F083010A91FAA1F10029B1FA36
:107BB80081F208BF1A460F21656A9200914025EAB2
:107BC800010197400F436762DDE712F4003CF8B506
:107BD8000C46134643D09A0738D55F0760D5502224
:107BE800DE0635D542F4007203F4C061B1F5806F4A
:107BF80046D0B1F5C06F40D042F08005B1F5007FA6
:107C080008BF2A4613F44036056908D02F6927FAB9
:107C180004F1C9075FBF0121A14039432961BCF1C3
:107C2800000F06D01F0341682DD501234968A340E2
:107C38008B61002321464068FFF764FF26B92B6952
:107C480023FA04F2D20725D40020F8BD1022C7E792
:107C580042F4806113F0200F18BF0A46C4E7D50329
:107C680009D5C2F3401213F0100F4FEA822218BF51
:107C78004FF40072B8E73022B6E742F4C072C1E7A9
:107C880042F48072BEE75F0341BF01234968A34005
:107C98008B62CEE70122A24023EA02032B61D3E7DD
:107CA8006FF08500D1E770B50B468968054611B1BC
:107CB8005E680C6801B970BD8A682A4002D03046F7
:107CC8004B689847234604B1236821461C46F1E7D0
:107CD800F8B51F46044640680E461546FFF712FFE2
:107CE800112F08D1012303FA06F663682A055B6899
:107CF8004CBF9E619E620020F8BD30B503681360DA
:107D08000579046804EBC504A34202D36FF00100AF
:107D180030BD5C798C4201D00833F0E70020F7E7EA
:107D28004368C1F34B101B6801F01F01C0580123C1
:107D38008B40034214BF01230023002013707047B7
:107D480010B54368C1F34B101A680123845801F039
:107D58001F018B4023438350002010BD012210B522
:107D68004368C1F34B14186801F01F0123588A4077
:107D780023EA02032350002010BD38B504460D46FF
:107D8800FFF7DEFF29462046FFF7E8FF002038BD51
:107D9800B0F5805F07D0B0F1805F09D1002914BF2A
:107DA800012002207047002914BF032004207047D7
:107DB800002914BF02200320704743681B68D86954
:107DC800D969C0F3C00040F0020211F0010F18BFDA
:107DD8001046D96940F0040211F0020F18BF10468E
:107DE800D96940F0200211F0040F18BF1046DA6973
:107DF800D20542BF4FF4807240F008001A62C107F2
:107E080044BF08221A62820744BF01221A6241074E
:107E180044BF02221A62820644BF04221A627047D3
:107E280010B5436810201B68DA691206FCD5EFF319
:107E3800118280F31288BFF36F8FDC69240604D4A3
:107E480082F31188BFF36F8FEEE7996282F311888E
:107E5800BFF36F8F10BD43681B68DA69100744BF12
:107E680008221A62DA69920643BF5B6A00200B7027
:107E78004FF0FF30704710B50269044652680B4650
:107E880012680A6042681268126802F4C062A2F5B9
:107E9800C06041424141B2F5806F14BF0A460222D8
:107EA8001A7162681268526802F44052B2F5805F33
:107EB80026D0B2F5405F25D0002A0CBF012203224C
:107EC8005A71626812681068116800F0102001F495
:107ED800C061FFF75DFF98716268002012689268C0
:107EE80002F44072A2F540714A424A41DA7161686F
:107EF8000968896811F4804F18BF0322DA7110BD30
:107F08000022DDE70222DBE737B542680C46156838
:107F1800036919B96FF0150003B030BD1868D1684E
:107F280083681269DB68012A88BF083193B101AA06
:107F380098470028F0DB2B6823F400432B60019B53
:107F480003EB5403B3FBF4F10F29E3D989B2002002
:107F5800E960E1E76FF05700DEE74FF0E0221369D0
:107F680023F00103136170472DE9F04104460E46E2
:107F780015461F46DDF818802268136A334214BF7D
:107F880001230023AB4201D1002011E0B8F1FF3FEB
:107F9800F3D0FEF77AFFC01B404502D8B8F1000FB6
:107FA800EAD102230320A365E36D43F00103E365EF
:107FB800BDE8F0817047F7B504460D461746FEF751
:107FC80064FFA36D0646022B07D1E368B3F1806F07
:107FD80009D110230120E3651FE0142B1FD12B6862
:107FE800023B012BF5D8334600222021204600977A
:107FF800FFF7BAFF70BBE06529462046FCF778FA20
:1080080058B9AB6B9BB902463346202120460097EE
:10801800FFF7AAFF022223685A6203B0F0BD242B9F
:10802800D7D12B6823F00203012BD2D1DBE72B68D1
:108038000BB9042305E0012B05D1A36D242BF8D03F
:108048001423A365E9E7022BE7D1A36D142BF0D025
:108058002423F6E70220E0E72DE9F34104468846A9
:108068001646FEF712FF27680546B8F1000F03D140
:1080780008230120E3652EE0A36D042B2ED13B6C71
:10808800C4F844800133E364E36CA3643B6823F0E1
:1080980040533B602B460122042120460096FFF7FF
:1080A80063FFC0B9636C1B7887F85030636C013389
:1080B8006364E36C013BE364E36C002BEAD12B4679
:1080C8000122022120460096FFF74EFF18B902232D
:1080D80022685362A36502B0BDE8F0811023C8E7A7
:1080E8002DE9F341044616468846FEF7CEFE25687C
:1080F8000746AA6CD5F81001B8F1000F03D1082380
:108108000120E36536E0A36D042B3ED12B6CC4F847
:1081180044800133E364E36CA364296821F040518F
:1081280041F080512960E368B3F1806F236824D15E
:108138009A643B460122062120460096FFF714FF69
:10814800C0B995F85020636C1A70636C013363648E
:10815800E36C013BE364E36C002BEAD13B4601226C
:10816800022120460096FFF7FFFE18B90223226875
:108178005362A36502B0BDE8F081D3F8001111F491
:10818800E06FD5D1C3F81001D3E71023B8E719B9C8
:108198000823C36501207047836D042B16D103683B
:1081A8001A6C41640132C264C26C82641A6822F09B
:1081B80040521A60032203685A62182302688365D2
:1081C8001368002043F4E023136070471023E0E7AE
:1081D80030B503689C6CD3F8105119B90823C365EE
:1081E80001201FE0826D042A25D11A6C41640132F6
:1081F800C264C26C82641A6822F0405242F0805213
:108208001A60032203685A62282302688365136888
:1082180043F4E0231360C368B3F1806F036802D1AD
:108228009C64002030BDD3F8002112F4E06FF7D130
:10823800C3F81051F5E71023D1E7F7B504460D460A
:10824800FEF723FE22680346966CD2F81071A26DE1
:10825800042A38D1226E2021009220460022FFF7FE
:1082680083FE30BB2A682368C3F888206A682368BD
:10827800C3F880202A692368C3F890202168D5E9CB
:1082880002350A682B4322F043521343092243F074
:1082980000530B6023685A6248232268A365136859
:1082A80043F410231360E368B3F1806F236802D1AD
:1082B8009E6403B0F0BDD3F8002112F4E06FF7D14B
:1082C800C3F81071F5E710230120E365F1E773B5F2
:1082D80004460D46FEF7D9FDA26D0346042A36D1A1
:1082E800226E2021009220460022FFF73DFE002842
:1082F8002BD18823A365AB682268B3F1007F1BBF2D
:108308001168EE681368334316BF21F0C06143F06B
:1083180000730B4313602B68082B0BD123686A6822
:10832800C3F83021102223685A622268136843F484
:108338008013136022682968136823F0405323F0E0
:1083480008030B4343F04053136002B070BD102381
:108358000120E365F9E7704708B50023C06DC364E1
:10836800836DB3F5807F16D10268136A13F0200F6E
:108378004FF002030BD053620268136843F40033D2
:1083880013600268136843F00203136008BD836535
:10839800FFF7E1FFFAE702238365FFF756FBF5E7EE
:1083A800704773B50446FEF770FDA36D0546002BB4
:1083B80041D023681A6852070DD51A6822F00402C2
:1083C8001A60206DFFF73FFB08B10423E365606D79
:1083D800FFF739FB30BB00202268136A13F0200F27
:1083E800136822D043F002031360236E0122009326
:1083F80002212B462046FFF7B7FD88B902262368DD
:1084080002465E62236E2021009320462B46FFF72A
:10841800ABFD28B92268136823F040531360A665A2
:1084280002B070BD0423E365D6E723F04053136020
:108438000223A365F4E710230120E365F0E7F8B50C
:108448000646184617460D46F8F730FA4FF04E51D3
:10845800F8F784FA04463846F8F728FA0146204621
:10846800F8F774F904463046F8F720FA0146204632
:10847800F8F774FA04462846F8F718FA0146204631
:10848800F8F720FB04460698F8F710FA014620464C
:10849800F8F718FB04460798F8F708FA014620464B
:1084A800F8F710FBF8F7AAFBF8BD70B504680D1BC8
:1084B800002D02DC6FF05F0070BD94F90060237836
:1084C800002E0ADB631C0360237813600368C91A53
:1084D80013688B42EED80020EEE703F07F035C1EA2
:1084E800032C14D89D42E5DD002443F001E014601C
:1084F800046801340460036814681B7843EA0423A1
:1085080013600368013303600FF00BC8DEE76FF0F8
:108518006300D1E770B404680E1B002E07DD2678CF
:108528009E4208D10134046070BCFFF7BEBF6FF0F3
:108538005F0070BC70476FF06100FAE773B5022303
:10854800154601AA0446FFF7E5FF40B9019E2846F3
:108558003246216800F0D0FB23683344236002B020
:1085680070BD4B1E9A1C01F1010110B5CCBF0C4621
:108578000124013C01D1002007E050F823202AB152
:10858800B2FA82F00133C0EB431010BD013BF0E7B3
:1085980039B101F18041013900EB81018142034683
:1085A80000D270471B680A681BBA12BA40F8042B3D
:1085B80041F80439F2E72DE9F0411C4613F00303B2
:1085C80018BF012303EB94038B4206460D469046E1
:1085D80013D879B18F003A46002101F0CCF82CB1BC
:1085E800381B22464146304401F0B8F82946304647
:1085F800FFF7CEFF0020BDE8F0816FF00700FAE733
:10860800B3EB810F70B505461E4610464FEA81044C
:108618000ED8E41A0134013C11D026F00302AA58FE
:1086280006F00301C900CA40D2B2D2B90136F2E756
:108638001A1B8618002101F09EF8304623460021B7
:10864800C2180133013B01D1002070BD21F00300A5
:10865800285801F00304E400E04002F8010D01315C
:10866800F0E76FF00700F0E7F8B5054650098842D3
:108678000C4602F01F0601D80AD136B12846A200DE
:108688000021BDE8F84001F076B81F2A02D8F8BDED
:108698001F2A12D905EB800105EB84035B1A9B089E
:1086A80082002F1F0133013B1DD1201A38BF002241
:1086B800002105EB800001F05EF8002EE7D00022D3
:1086C80005EB840524F04044C6F120000134013C48
:1086D800DDD055F8041C21FA06F3134345F8043D90
:1086E80001FA00F2F3E751F804CB47F804CFDAE7D0
:1086F8001F2AF8B503460C464FEA521502F01F062A
:108708001BD96FF0030707FB0507481B8D4200F1D3
:1087180001000A4694BF01460121013902F1FF32E6
:108728001CD1A542A5EB040288BF002222441846AA
:108738000021920001F01FF8034676B1621BA542A2
:108748004FF0000003EB8503C6F1200702F1010298
:1087580000D804B90122013A05D1F8BD57F8220022
:1087680043F82200D9E71C6804FA06F1014343F8EC
:10877800041B24FA07F0EEE7F0B5002584462846E6
:108788000133013B00D1F0BD51F8254052F8257066
:1087980026182CBF01240024BF194CF8257044F179
:1087A80000000135EDE7F0B5002406462046013308
:1087B800013B00D1F0BD51F824C052F82470ACEB55
:1087C8000005AF4294BF4FF0000E4FF0010EED1BB5
:1087D80046F8245084455EEA2E900134E8E78B423F
:1087E80028BF0B462DE9F047A1EB0308DF08054633
:1087F80003F0070E114603460020089C07F1010C00
:10880800BCF1010C03F1200301F1200114D105EBA7
:1088180047152E4602EB47174FEA8E0C0EF1010161
:10882800013940F08480654408F10108B8F1010875
:1088380040F08B80BDE8F08751F8206CA4FB0696C9
:1088480010EB090953F8200C46F1000610EB09005B
:1088580043F8200C51F81C0C46F10006A4FB000953
:10886800361853F81C0C49F10009801943F81C0C00
:1088780051F8180C49F10009A4FB000619EB00098E
:1088880053F8180C46F1000610EB090043F8180CD1
:1088980051F8140C46F10006A4FB0009361853F8E9
:1088A800140C49F10009801943F8140C51F8100C04
:1088B80049F10009A4FB000619EB000953F8100C54
:1088C80046F1000610EB090043F8100C51F80C0CA7
:1088D80046F10006A4FB0009361853F80C0C49F1C0
:1088E8000009801943F80C0C51F8080C49F10009EB
:1088F800A4FB000619EB000953F8080C46F1000622
:1089080010EB090043F8080C51F8040C46F1000676
:10891800A4FB000A16EB000953F8046C4AF10000A6
:1089280016EB090640F1000043F8046C68E757F8B5
:10893800043BA4FB0332C31842F100003268D2188A
:1089480040F1000046F8042B6AE72B681B182CBF7F
:108958000120002045F8043B68E703230168881CD0
:10896800400000F00800084400FB01F2013BC2F19E
:10897800020202FB00F0F7D1404270472DE9F04FA8
:1089880087B0139D00242E460493109B91460293B2
:10899800DDE911834FEAC80283468A46284600214A
:1089A8000432059300F0E7FE08F1020303934445FF
:1089B80015D105EB84012346029A584651F82450F4
:1089C800FFF7F1FE6840FCF7D7FA0A46002359463C
:1089D800A600109607B0BDE8F04FFCF769BD5AF83D
:1089E8002430D9F800203768304602FB0377059A0F
:1089F8000399574300934A46049BFFF7F0FEDDE9CD
:108A08000221304643460097FFF7E9FE0436013459
:108A1800CDE738B50D460121044600F037F988B98D
:108A2800E9882046890100F083F958B92A46214689
:108A3800204600F041FB28B92046E988BDE83840C7
:108A480000F0BAB838BD4901502934BF01220322C9
:108A580001239340033358430130704710B586B063
:108A68000B9C04940A9C039400240294099C01948E
:108A7800089C0094FCF7A6FA06B010BD10B586B0A5
:108A88000B9C04940A9C03944FF02A340294099C8A
:108A98000194089C0094FCF795FA06B010BD30B517
:108AA8000546104600220133013B00D130BD51F884
:108AB8002240241A45F8224034BF01200020013208
:108AC800F2E70346002021F040410131013901D18C
:108AD800FCF752BA53F8042B1043F7E71FB5089C6C
:108AE80000920394069C079ACDE90134FFF746FFEC
:108AF80004B010BD30B51C46012387B00B9D009211
:108B080003950A9D05AACDE901450593FFF736FFB0
:108B180007B030BD00220123C0E90023704710B51B
:108B2800044648B1006818B1E188890000F0EDFBFF
:108B380000220123C4E9002310BD42F210739942B8
:108B480070B504460D4602D96FF00F0070BDC3889A
:108B58008B4201D30020F9E704212846FCF78AFE5E
:108B680006460028F0D0216841B1E288920000F062
:108B7800F5FDE1882068890000F0C7FBE5802660E4
:108B8800E8E738B504460D4619B9FFF7C8FF0020D5
:108B980038BDC2888A4207D100210068920000F0DF
:108BA800EAFD0123A380F2E7FFF7B9FF2946204633
:108BB800BDE83840FFF7C1BF42F21073994270B563
:108BC80005460E4602D96FF00F0070BDC2888A4272
:108BD80003D8BDE87040FFF7B0BF531E013A18D163
:108BE8005C1CB44238BF344604212046FCF742FEE0
:108BF80006460028E7D0296839B1A20000F0AEFD8A
:108C0800E9882868890000F080FB0020EC802E604D
:108C1800DBE7296851F823100029E1D1013BDDE7A2
:108C2800884270B504460E4609D0C988C28841B941
:108C38002AB1012392008380006800F09CFD002087
:108C480070BD4D1E013911D1B6F904300135AA4263
:108C5800A38012D229462046FFF76FFF0028EFD1E4
:108C680031682068AA0000F079FDE8E7336853F816
:108C78002530002BE8D1013DE4E72068521B002194
:108C8800920000EB850000F076FDE9E770B50C4630
:108C980001210546FFF751FF064688B9EA880146D3
:108CA8009200286800F067FD84EAE472A2EBE4729F
:108CB800E40FC4EBC4342B68640001341A60AC8040
:108CC800304670BDC388B1EB431F3FBF03684A09F4
:108CD80053F8220001F01F013ABFC84000F001001C
:108CE80000207047C1880068FFF73BBC08B5FFF754
:108CF800F9FF0730C00808BD70B50E4612F0030131
:108D080018BF012101EB920105461446FFF739FF10
:108D180038B923463246E9882868BDE87040FFF72D
:108D28004ABC70BD13460A46C1880068FFF768BC94
:108D380038B504460D46FFF7D5FFE3882844B0EB65
:108D4800431F06D820682A46E188FFF7D1FC002097
:108D580038BD10F01F0118BF012101EB501120464A
:108D6800FFF7EBFE0028EDD0F2E708B50A46C18808
:108D780011B10068FFF778FC002008BD30B5C38842
:108D88005A1C013A06D1CA88541C013C0BD1ABB11C
:108D9800012018E0046804EB830454F8044C002C08
:108DA800F1D1013BEDE70D6805EB820555F8045C50
:108DB8000DB9013AE9E79342EAD810D35A1E0133B4
:108DC800013B01D1002030BD046854F822500C68E2
:108DD80054F82240A542DBD802F1FF32F0D24FF01E
:108DE800FF30F0E770B50446C3885A1C013A07D132
:108DF800CA88501C01380CD11846002B39D13AE0EA
:108E0800206800EB830050F8040C0028F0D1013BE7
:108E1800ECE70D6805EB820656F8046C2EBB013AA8
:108E2800E8E7B1F9042003D2B1F90400404222E096
:108E3800B4F90400002803DD002A07DA01201AE04B
:108E4800002A03DD10B14FF0FF3014E05A1E2168EC
:108E580051F8226055F822108E420CD802F1FF32E8
:108E6800E4D3013BF3D1002005E0002BDCD0934292
:108E7800D7D9B4F9040070BD1FB581EAE173A3EB3B
:108E8800E17301930123C90FC1EBC13149000131DD
:108E9800ADF80C10ADF80E3002A901AB0293FFF744
:108EA800A1FF05B05DF804FB90422DE9F0410546AD
:108EB8000F46144602D0884208D127460123AB80CA
:108EC800FC88E318013B07D1002003E0FFF7A8FE68
:108ED8000028F2D0BDE8F0813A684FEA840802EB36
:108EE800840252F8042C0AB9013CEBE721462846D3
:108EF800FFF723FE0028EDD12E6823463A68314655
:108F08003046FFF739FC074606EB0803002FDBD095
:108F1800EA88661CA24208D831462846FFF70DFEAB
:108F28000028D7D12B6803EB84031A683446D2197A
:108F38002CBF0127002743F8042BE7E72DE9F04170
:108F480005460E469046D488631C013B07D1F1883C
:108F5800A1420ED26FF009073846BDE8F081D8F873
:108F6800002002EB840252F8042C002AEFD1013CC5
:108F7800EBE72846FFF7E1FD07460028ECD1F28829
:108F880094420BD2AE4209D028683168121B920075
:108F980001EB840100EB840000F0E0FBEA88F08834
:108FA800824207D92B68121A0021920003EB800035
:108FB80000F0E1FBD8F80020234631682868FFF765
:108FC800F2FB024610B90123AB80C5E72968EB889C
:108FD80001EB840108461B1BFFF761FD0028F2D056
:108FE800B8E72DE9F843B1F90440B2F804C0814666
:108FF8001CFB04FC664673430D4617461CD51146F8
:109008002846FFF7BBFEB0F100080DDB3A462946BB
:109018004846FFF793FF98B9B8F1000F08BF01243D
:109028000020A9F804400BE02A464846FFF786FFCF
:1090380030B9644224B2F3E7FFF736FF0028EFD0D7
:10904800BDE8F8830123FFF7CCBF4FF0FF33FFF7EC
:10905800C8BF2DE9F34105468846CF8816467A1CD5
:10906800013A07D0D8F8003003EB870353F8043CE3
:109078003BB146B90021284602B0BDE8F041FFF7F0
:1090880005BE013FECE72846791CFFF756FD04466C
:1090980070B941462846FFF7C3FD044640B9013E72
:1090A80000963B46D8F80020E9882868FFF797FB28
:1090B800204602B0BDE8F08170B504460D46104662
:1090C80000211646FFF7D8FE002824DB2A4633463F
:1090D80021460020FCF754F8054638B1284670BDF3
:1090E800324621462046FFF7ADFF90B900212046C1
:1090F800FFF7C2FE0028F3DB31462046FFF772FE79
:109108000028EBDB324621462046FFF79EFF002869
:10911800F2D00546E2E76FF00905DFE72DE9F04FE9
:1091280089B00646DDE912588B462846002191464B
:109138000593FFF7A1FE002805DC6FF00304204625
:1091480009B0BDE8F08F2B681B68D907F5D5002159
:109158004846FFF791FE0028EFDB4846FFF7C2FDBF
:10916800B0F5005FE9D82846FFF7BCFDB0F5005F11
:10917800E3D8B9F8061031B90121304609B0BDE885
:10918800F04FFFF783BDE888FFF75DFC04218246B6
:10919800FCF770FB0746002800F0AA800022012394
:1091A8004FEA8A0ACDE90623B8F1000F0DD1294606
:1091B80006A8FFF72EFC044600B35146384600F0D7
:1091C800A4F806A8FFF7ABFCB9E7D8F80030002BE5
:1091D8006ED106AB18462946FFF71BFC06AB0446C2
:1091E80040B15146384600F090F8D8F80030002BCE
:1091F800A5D1E6E793E8030088E80300594630461E
:10920800FFF70EFD0446002867D1012329463046A2
:10921800B380FFF7E7FD002857DA3046E988FFF703
:109228008CFC0446002858D12868FFF796FB069B5B
:109238000090029701933168EB882A6804900846E9
:10924800FFF74CFC059B0698B9F806203168B3F186
:109258002A3FEB88CDE902070192D9F80020084699
:1092680000922A6841D1FFF709FC049B01970093FB
:109278003168EB8808462A68FFF73CFCBBF904B064
:10928800BBF1FF3F29D1D9F800301B68DB0724D593
:10929800F1883068FFF715FC01225946FBF762FF99
:1092A8003246B08029463046FFF7CCFE044614E02B
:1092B8004046E988FFF741FC0446002891D198E828
:1092C800030008AB03E9030098E72A463146304615
:1092D800FFF7F2FE044600289FD05146384600F0BA
:1092E80014F8B8F1000F80D16BE7FFF7B7FBBCE7C4
:1092F8006FF00F0423E713B5049CCDE900344FF059
:109308002A33FFF70BFF02B010BD10B5044608B1B1
:10931800FCF7A4FA2046BDE81040FCF7B1BA2DE9E5
:10932800F8430446DDE90876914698460D4651B95A
:10933800B9F1000F10D1B8F1000F15D1E7B91EBB74
:1093480055BB002006E00830FFF76AFC0028EFD084
:10935800A0F58140BDE8F883494604F12000FFF7F5
:109368005FFC0028E7D0F3E7414604F12800FFF747
:1093780057FC0028E2D0EBE7394604F11800FFF764
:109388004FFC0028DBD0E3E7314604F11000FFF77B
:1093980047FC0028D4D0DBE704F10800FFF7A6FC5F
:1093A8006060CEE77822002100F0E5B94068704798
:1093B80010B50446A0B36030FFF7B1FB04F16800B4
:1093C800FFF7ADFB04F14800FFF7A9FB04F1180013
:1093D800FFF7A5FB04F12800FFF7A1FB04F120002B
:1093E800FFF79DFB04F11000FFF799FB04F108005B
:1093F800FFF795FB04F15800FFF791FB04F15000CB
:10940800FFF78DFB04F14000FFF789FB04F13800FA
:10941800FFF785FB04F13000BDE81040FFF77FBB84
:1094280010BD6822002100F0A6B910B16821FCF730
:1094380015BA70472DE9F04105460E4614467AB331
:10944800036C03F03F079B18036422BF436C01338E
:1094580043645FB3C7F1400842451CD342463844D1
:1094680000F07CF929462846FCF72AFBC8B92744AE
:10947800A7F140043F2C46440BD900272846F11990
:10948800FCF71EFB78B94037E31B3F2BF6D81C4688
:109498003E442CB1002722463146E81900F05EF917
:1094A8000020BDE8F0814FF0FF30FAE73F2AE4D80A
:1094B800F1E770B50D468021036C044603F03F03C5
:1094C8005A1C382AC154104431D80021C2F138023C
:1094D80000F051F9D4E910315A0F42EAC102DB0019
:1094E80012BA1BBA21462046A263E363FCF7E8FAE6
:1094F8000646B8B9A36C1BBA2B60E36C1BBA6B6049
:10950800236D1BBAAB60636D1BBAEB60A36D1BBA0E
:109518002B61E36D1BBA6B61236E1BBAAB61636E83
:109528001BBAEB612046FFF780FF304670BD002173
:10953800C2F1400200F01FF921462046FCF7C0FAAC
:1095480006460028EED1014638222046C0E7002012
:1095580070478068183820F007001038704738B511
:10956800044650B1FAF728FF4FF4487305465C43A8
:10957800FAF722FF431BA342FAD338BD10B543695B
:1095880004463BB90020E2684042537843F00103A7
:10959800537010BD98470028F4D00028B8BF404247
:1095A800FF28A8BFFF20E3681870ECE740B1C36844
:1095B800587810F001001EBF1878B0FA80F0400902
:1095C8007047EFF31183102383F31288BFF36F8F73
:1095D800FEE708B5FFF7F5FF102408B5EFF3118390
:1095E80084F31288BFF36F8FFDF7CCFCF6E73AB12E
:1095F8008A4205D3C0E90212C0E900000020704782
:109608006FF015007047D0E9003213605A600023EC
:10961800C0E90033704708B5FFF7F5FF437B23F037
:10962800020343730023836008BD38B504460D4622
:10963800FCF758FD637B43F002036373E5B1A56053
:109648002B689D4209D16B68C4E900531C606C60AB
:1096580012E06A689A42F6D01B68002BF3D094F99E
:109668000E2093F90E108A42F3D09142F1DD5A6828
:10967800C4E9003214605C6038BD10B5EFF31184A2
:10968800102383F31288BFF36F8FFCF7E9FC84F390
:109698001188BFF36F8F10BD014610B5EFF3118429
:1096A800102383F31288BFF36F8F437B13F0280FC7
:1096B8000AD183680BB1FFF7AEFF4B7B084623F056
:1096C80004034B73FCF7CCFC84F31188BFF36F8F52
:1096D80010BD01211838FFF7DFBF08B50246FCF7B7
:1096E80069FF70B1D0E904319B1A61EBE272B3F102
:1096F800004F72F1000104DA002AACBF18460020BE
:1097080008BD6FF00040FBE7024638B5EFF311855E
:10971800102383F31288BFF36F8F0368CBB1FCF774
:1097280049FF04461046FCF757FF00224FF000435C
:109738008442C0E9042306D1FCF744FFFFF7CDFFBC
:109748000021FAF79FFD002085F31188BFF36F8F82
:1097580038BD6FF01500F7E7FDF748B80A44431E17
:10976800914200D1704710B511F8014B914203F8AE
:10977800014FF9D110BD02440346934200D170470E
:1097880003F8011BF9E7044608B5FDF7B1F92046CF
:10979800F8F78AFE0139024410B5904201D1002041
:1097A80005E0037811F8014FA34201D0181B10BD42
:1097B8000130F2E7F0B5C2F13705044602F01F02A6
:1097C8000846EDB22746B4FBF2F602FB16413446D2
:1097D800CBB2092984BF5B19DBB2BA4203F130036B
:1097E80000F8013BEED9F0BD014800687047000061
:0497F80020B0183451
:0897FC007C74FF7F01000000F6
:1098040000000000CC981834A91818340000000097
:10981400000000000C99183400000000EC98183483
:10982400000000002C991834000000006C991834D2
:10983400000000004C9A1834000000008C9A183480
:10984400000000000C9A183400000000AC99183491
:10985400000000004C99183400000000CC99183422
:10986400000000006C9A183400000000CC9A1834F0
:1098740000000000AC9A1834000000002C9A183440
:1098840000000000EC991834000000008C99183492
:10989400037018340000000000000000EC9A183433
:1098A400000000000C9B1834892F183400000000BD
:1098B400F5411834000000005795183400000000EA
:0898C400000000002C9B183489
:1098CC007BAB183400000000A8A11834D2AD1834BA
:1098DC0000000000292818340000000000000000DF
:1098EC006FAB18347CA2183400000000CEAD1834D5
:1098FC000000000059271834000000000000000090
:10990C0075AB183484A2183400000000D0AD1834A4
:10991C00000000005927183400000000000000006F
:10992C0048AC1834A0A4183498A11834EEAD1834EF
:10993C00000000000000000000000000000000001B
:10994C0051AB18340000000000000000CCAD1834FE
:10995C0000000000952618340000000000000000F4
:10996C00A0AB183448A3183474A11834D6AD1834ED
:10997C00C0B01834E13A18340000000000000000B8
:10998C00AEAB18345CA3183474A11834D8AD1834A9
:10999C00D4B01834E13A1834000000000000000084
:1099AC00BCAB183470A3183474A11834DAAD183465
:1099BC00E8B01834E13A1834000000000000000050
:1099CC00CAAB183484A3183474A11834DCAD183421
:1099DC00FCB01834E13A183400000000000000001C
:1099EC00D8AB183498A3183474A11834DEAD1834DD
:1099FC0010B11834E13A18340000000000000000E7
:109A0C00E6AB1834ACA3183474A11834E0AD183498
:109A1C0024B11834E13A18340000000000000000B2
:109A2C00F4AB1834C0A3183474A11834E2AD183454
:109A3C0038B11834E13A183400000000000000007E
:109A4C0002AC1834D4A3183474A11834E4AD18340F
:109A5C004CB11834E13A183400000000000000004A
:109A6C0010AC1834E8A3183474A11834E6AD1834CB
:109A7C0060B11834E13A1834000000000000000016
:109A8C001EAC1834FCA3183474A11834E8AD183487
:109A9C0074B11834E13A18340000000000000000E2
:109AAC002CAC183410A4183474A11834EAAD183442
:109ABC0088B11834E13A18340000000000000000AE
:109ACC003AAC183424A4183474A11834ECAD1834FE
:109ADC009CB11834E13A183400000000000000007A
:109AEC0059AC1834A4A41834C4A11834F0AD1834EB
:109AFC006CAD1834953F18340000000000000000D5
:109B0C0069AC1834F8A41834C4A11834F2AD183464
:109B1C007CAD1834953F18340000000000000000A4
:109B2C008FAB1834A8A218345CA11834D4AD1834F7
:109B3C00C4AC1834C132183400000000000000001E
:109B4C0000000000696F183400000000696F1834C1
:109B5C0000000000696F183400000000696F1834B1
:109B6C0000000000696F183400000000696F1834A1
:109B7C0000000000696F183400000000696F183491
:109B8C0000000000696F183400000000696F183481
:109B9C0000000000696F183400000000696F183471
:109BAC0000000000696F183400000000696F183461
:109BBC0000000000696F183400000000696F183451
:109BCC0000000000696F183400000000696F183441
:109BDC0000000000696F183400000000696F183431
:109BEC004FAB18341D2518344DAB18341D251834C3
:109BFC004BAB18341D25183449AB18341D251834BB
:109C0C0047AB18341D25183445AB18341D251834B2
:109C1C0043AB18341D25183441AB18341D251834AA
:109C2C003FAB18341D2518343DAB18341D251834A2
:109C3C003BAB18341D25183439AB18341D2518349A
:109C4C0037AB18341D25183435AB18341D25183492
:109C5C0033AB18341D25183431AB18341D2518348A
:109C6C0000000000696F183400000000696F1834A0
:109C7C0000000000696F183400000000696F183490
:109C8C0000000000696F183400000000696F183480
:109C9C0000000000696F183400000000696F183470
:109CAC0000000000696F183400000000696F183460
:109CBC0000000000696F183400000000696F183450
:109CCC0000000000696F183400000000696F183440
:109CDC0000000000696F183400000000696F183430
:109CEC0000000000696F183400000000696F183420
:109CFC0000000000696F183400000000696F183410
:109D0C0000000000696F183400000000696F1834FF
:109D1C0000000000696F183400000000696F1834EF
:109D2C0000000000696F183400000000696F1834DF
:109D3C0000000000696F183400000000696F1834CF
:109D4C0000000000696F183400000000696F1834BF
:109D5C0000000000696F183400000000696F1834AF
:109D6C0000000000696F183400000000696F18349F
:109D7C0000000000696F183400000000696F18348F
:109D8C0000000000696F183400000000696F18347F
:109D9C0000000000696F183400000000696F18346F
:109DAC0000000000696F183400000000696F18345F
:109DBC0000000000696F183400000000696F18344F
:109DCC0000000000696F183400000000696F18343F
:109DDC0000000000696F183400000000696F18342F
:109DEC0000000000696F183400000000696F18341F
:109DFC0000000000696F183400000000696F18340F
:109E0C0000000000696F183400000000696F1834FE
:109E1C0000000000696F183400000000696F1834EE
:109E2C0000000000696F183400000000696F1834DE
:109E3C0000000000696F183400000000696F1834CE
:109E4C0000000000696F183400000000696F1834BE
:109E5C0000000000696F183400000000696F1834AE
:109E6C0000000000696F183400000000696F18349E
:109E7C0000000000696F183400000000696F18348E
:109E8C0000000000696F183400000000696F18347E
:109E9C0000000000696F183400000000696F18346E
:109EAC0000000000696F183400000000696F18345E
:109EBC0000000000696F183400000000696F18344E
:109ECC0000000000696F183400000000696F18343E
:109EDC0000000000696F183400000000696F18342E
:109EEC0000000000696F183400000000696F18341E
:109EFC0000000000696F183400000000696F18340E
:109F0C0000000000696F183400000000696F1834FD
:109F1C0000000000696F183400000000696F1834ED
:109F2C0000000000696F183400000000696F1834DD
:109F3C0000000000696F183400000000696F1834CD
:109F4C0000000000696F183400000000696F1834BD
:109F5C0000000000696F183400000000696F1834AD
:109F6C0000000000696F183400000000696F18349D
:109F7C0000000000696F183400000000696F18348D
:109F8C0000000000696F183400000000696F18347D
:109F9C0000000000696F183400000000696F18346D
:109FAC0000000000696F183400000000696F18345D
:109FBC0000000000696F183400000000696F18344D
:109FCC0000000000696F183400000000696F18343D
:109FDC0000000000696F183400000000696F18342D
:109FEC0000000000696F183400000000696F18341D
:109FFC0000000000696F183400000000696F18340D
:10A00C0000000000696F183400000000696F1834FC
:10A01C0000000000696F183400000000696F1834EC
:10A02C0000000000696F183400000000696F1834DC
:10A03C0000000000696F183400000000696F1834CC
:10A04C0000000000696F183400000000696F1834BC
:10A05C0000000000696F183400000000696F1834AC
:10A06C0000000000696F183400000000696F18349C
:10A07C0000000000696F183400000000696F18348C
:10A08C0000000000696F183400000000696F18347C
:10A09C0000000000696F18342C9B1834CF741834EE
:10A0AC0000000000696F183400000000696F18345C
:10A0BC0000000000696F183400000000696F18344C
:10A0CC0000000000696F183400000000696F18343C
:10A0DC0000000000696F183400000000696F18342C
:10A0EC0000000000696F183400000000696F18341C
:10A0FC0000000000696F183400000000696F18340C
:10A10C0000000000696F183400000000696F1834FB
:10A11C0000000000696F183400000000696F1834EB
:10A12C0000000000696F183400000000696F1834DB
:10A13C0000000000696F183400000000696F1834CB
:10A14C0000000000696F183400000000696F1834BB
:10A15C00837618347D7818346D30183465301834A3
:08A16C00CF731834C3731834DB
:10A17400D37B18347B7A1834877A1834997A183454
:10A18400A37A1834AD7A1834313A1834BB7A1834B7
:04A1940000000000C7
:10A19800297D1834497D1834657D1834837D183439
:10A1A800A5271834E527183400000000CD2D1834F1
:0CA1B800AB71183400000000597118341D
:10A1C4005F7E1834297E1834C37D1834813D1834D9
:04A1D4007F7E18343E
:08A1D8005FA71834030000002A
:10A1E00001000000020000000100000093A91834E3
:10A1F000F4A118340E010000A1AA18340000009048
:10A20000E0FFFF010000100004000000000000005B
:10A2100000000000000004002C9B18340100000026
:10A2200000000100000018002C9B18340200000000
:10A2300000002100000018002C9B183403000000CF
:10A2400000004100000001002C9B1834A0AC183421
:10A2500000000000060001000000000001000000F6
:10A2600064A21834000418341CAB18342000000019
:10A27000E0FF1F3400000000B4AC183405000000FB
:10A280005C01C0010C0000002000D018000000029A
:10A2900000000001000000030000000100000001B8
:10A2A0000000000100000004600200000010000037
:10A2B000260000005801C4006002000000200000D9
:10A2C000B97418340000000800C2EB0B080000004D
:10A2D00002000000D8A21834E0A2183401000000E7
:10A2E000E8A218340B000000291A000080010000C9
:10A2F000091A000080010000C91A00008001000056
:10A30000491A000080010000691A00008001000065
:10A31000891A000080010000A91A000080010000D5
:10A32000091B000080010000291B000080010000C3
:10A33000491B000080010000691B00008001000033
:10A340000100000000FF0000FFFF00000040025677
:10A35000100000005C02000000000100FFFF000090
:10A36000003C02560F0000005C020000008000006C
:10A37000FFFF0000003802560E0000005C020000E3
:10A3800000400000FFFF0000003402560D000000F6
:10A390005C02000000200000FFFF0000001C0256CD
:10A3A000070000005C02000080000000FFFF0000CA
:10A3B00000180256060000005C0200004000000089
:10A3C000FFFF000000140256050000005C020000C0
:10A3D00020000000FFFF00000010025604000000F3
:10A3E0005C02000010000000FFFF0000000C02569D
:10A3F000030000005C02000008000000FFFF0000F6
:10A4000000080256020000005C0200000400000088
:10A41000FFFF000000040256010000005C02000083
:10A4200002000000FFFF00000000025600000000D4
:10A430005C02000001000000CC9A1834AC9A183479
:10A440008C9A18346C9A18344C9A18342C9A183404
:10A450000C9A1834EC991834000000000000000039
:10A46000000000000000000000000000CC9918343B
:10A47000AC9918348C9918346C9918340000000089
:10A4800000000000000000000000000000000000CC
:10A4900000000000000000000000000000000000BC
:10A4A00000800256004400502C991834914400005A
:10A4B000C8A41834020000000000000000000000E2
:10A4C00000000000D8A4183464020000000002005C
:10A4D0000B0000007401C409E0A41834010000005E
:10A4E000E8A4183402000000A706000000020000E3
:10A4F000C70A000000000000001000522C99183418
:10A50000844500001CA51834020000000000000073
:10A5100000000000000000002CA518346C020000B0
:10A52000100000000B0000007401C00934A51834AD
:10A53000010000003CA5183402000000A70800003C
:10A5400000020000C708000000000000982F8A42A7
:10A5500091443771CFFBC0B5A5DBB5E95BC2563975
:10A56000F111F159A4823F92D55E1CAB98AA07D88D
:10A57000015B8312BE853124C37D0C55745DBE72B0
:10A58000FEB1DE80A706DC9B74F19BC1C1699BE430
:10A590008647BEEFC69DC10FCCA10C246F2CE92DC0
:10A5A000AA84744ADCA9B05CDA88F97652513E98E4
:10A5B0006DC631A8C82703B0C77F59BFF30BE0C6EB
:10A5C0004791A7D55163CA0667292914850AB72779
:10A5D00038211B2EFC6D2C4D130D385354730A6516
:10A5E000BB0A6A762EC9C281852C7292A1E8BFA2ED
:10A5F0004B661AA8708B4BC2A3516CC719E892D155
:10A60000240699D685350EF470A06A1016C1A419D7
:10A61000086C371E4C774827B5BCB034B30C1C39D6
:10A620004AAAD84E4FCA9C5BF36F2E68EE828F7495
:10A630006F63A5781478C8840802C78CFAFFBE90AF
:10A64000EB6C50A4F7A3F9BEF27871C604981834E5
:10A6500004981834B4981834BC981834CC9818342A
:10A66000CC981834010002001000110012002000E4
:10A67000210022002300240030003100320033008A
:10A68000FFFF0002000100030001000100010004BF
:10A6900000100000003025633A2053746172746921
:10A6A0006E6720626F6F746C6F616465720A00255B
:10A6B000633A20556E61626C6520746F2066696E26
:10A6C0006420626F6F7461626C6520696D6167659B
:10A6D0000A0025633A20426F6F746C6F6164657283
:10A6E00020636861696E6C6F616420616464726587
:10A6F0007373206F66667365743A20307825780A24
:10A700000025633A20496D6167652076657273693B
:10A710006F6E3A207625642E25642E25640A002566
:10A72000633A204A756D70696E6720746F20746893
:10A730006520666972737420696D61676520736C4A
:10A740006F740A0025633A204E657665722073683F
:10A750006F756C642067657420686572650A006DAA
:10A760006375626F6F7400000000000000000070ED
:10A7700072696D617279007365636F6E646172797D
:10A780000025633A204E6F20736C6F7420746F2025
:10A790006C6F616420666F7220696D61676520254A
:10A7A000640A0025633A20496D61676520696E205F
:10A7B00074686520257320736C6F74206973206E34
:10A7C0006F742076616C6964210A005072696D6152
:10A7D00072790025633A20496D6167652025642000
:10A7E000257320736C6F743A20496D616765206E24
:10A7F0006F7420666F756E640A0025633A20252DFC
:10A80000397320736C6F743A2076657273696F6E5A
:10A810003D25752E25752E25752B25750A0025637A
:10A820003A204661696C65642072656164696E678F
:10A8300020696D61676520686561646572732E0AC1
:10A84000005365636F6E646172790025633A204935
:10A850006D616765202564206C6F616465642066A6
:10A86000726F6D2074686520257320736C6F740A95
:10A870000025633A20496D616765202564205241B7
:10A880004D206C6F61642061646472657373203065
:10A8900078257820697320696E76616C69642E0A68
:10A8A0000025633A204572726F72207768696C7375
:10A8B0007420636F7079696E6720696D61676520C8
:10A8C00025642066726F6D20466C61736820746F1A
:10A8D000205352414D3A2025640A0025633A20490D
:10A8E0006D6167652025642052414D206C6F616465
:10A8F000696E6720746F2030782578206973206630
:10A9000061696C65642E0A0025633A20496D6167B0
:10A91000652025642052414D206C6F6164696E672B
:10A9200020746F20307825782069732073756363F5
:10A9300065656465642E0A0025633A2052656D6F73
:10A9400076696E6720696D6167652025642066728F
:10A950006F6D205352414D206174206164647265B3
:10A96000737320307825780A0025633A2052656D8C
:10A970006F76696E6720696D616765202564207355
:10A980006C6F742025642066726F6D20666C617335
:10A99000680A003082010A0282010100D106081A09
:10A9A00018442C18E8FBFDF70DA34F1FBBEE5EF912
:10A9B000AAD24B18D35AE96D188019F9F09C341BB0
:10A9C000CBF3BC74DB42E78C7F10537E435E0D57A4
:10A9D0002C44D167080F0DBB5CEEECB399DFE04D62
:10A9E000840BAA774160ED152849A701B43C10E615
:10A9F000698C2F5FAC414D9E5C14DFF2F8CF3D1E99
:10AA00006FE75BBAB4A9C8887E473C94C3776754A4
:10AA10004BAA8D3835CA62617EB7E115DB7773D4F6
:10AA2000BE7B7221896924FBF8656E643EC80ED72F
:10AA300085D55C4AE4530D2FFFB7FDF31339833FEF
:10AA4000A3AED20FA76A9DF9FEB8CEFA2ABEAFB860
:10AA5000E0FA823754F43EE12BD0D3085818F65E62
:10AA60004CC8888131AD5FB08217F28A692723F321
:10AA7000AB873E931A1DFEE8F81A246659F81CAB02
:10AA8000DCCE681B666435ECFA0D119DAF5C3AA70D
:10AA9000D167C647EFB14B2C62E1D1C90203010077
:10AAA000016D656D6F727940393030303030303043
:10AAB000002A2A2A20426F6F74696E67204D435521
:10AAC000626F6F742076322E322E302D3136372D54
:10AAD00067343862306636646139616638202A2A04
:10AAE0002A0A002A2A2A205573696E67205A65703F
:10AAF000687972204F53206275696C642076342E19
:10AB0000322E302D363137392D673136396664367D
:10AB1000613461393865202A2A2A0A005352414D8E
:10AB20005F3000657869740061626F727428290A69
:10AB3000000F010E010D010C010B010A01090108B2
:10AB400001070106010501040103010201010100E1
:10AB500001696E746572727570742D636F6E7472B4
:10AB60006F6C6C6572403536303235303030007085
:10AB70006572636B00637075737700726363403551
:10AB80003630323830303000020103010101046FE9
:10AB90007370692D6E6F722D666C61736840300042
:10ABA0006770696F4035363032343030300067704E
:10ABB000696F403536303233633030006770696F0B
:10ABC000403536303233383030006770696F403589
:10ABD00036303233343030006770696F403536308C
:10ABE0003231633030006770696F40353630323152
:10ABF000383030006770696F40353630323134306C
:10AC000030006770696F4035363032313030300097
:10AC10006770696F403536303230633030006770AE
:10AC2000696F403536303230383030006770696FC8
:10AC3000403536303230343030006770696F40351F
:10AC4000363032303030300072657365742D636F8A
:10AC50006E74726F6C6C65720073657269616C40C2
:10AC600035303030343430300073657269616C4097
:10AC70003532303031303030000920406D61696E3E
:08AC800000286E756C6C2900C0
:10ACA00001000000FFFFFFFF736E1834000418342A
:10ACB0000CA2183400000000F76F183400000000E8
:10ACC0000000000000A00258040000000000000086
:10ACD0000000000000000000010000000000000073
:10ACE0000000000000000000000000000000000064
:10ACF0000000000000000000000000000000000054
:10AD00000000000000000000000000000000000043
:10AD10000000000000000000000000000000000033
:10AD20000000000000000000000000000000000023
:10AD30000000000000000000000000000000000013
:10AD40000000000000000000000000000000000003
:10AD500000000000000000000001000000000000F2
:10AD6000FF000000000200000000000000000000E2
:10AD700074AD183400C2010000010300000000009F
:10AD800084AD183400C20100000103000090D0031C
:10AD90007F9718348F9718340170183405251834AC
:10ADA000C8000000A4AD1834A4AD1834FF00FF00A3
:10ADB000FF00FF00FF00FF00FF00FF00FF00FF009B
:0CADC000FF00FF00FF00FF00FF00FF008D
:10ADCC000000000000000000000000000000000077
:10ADDC000000000000000000000000000000000067
:08ADEC0000000000000000005F
:04ADF40015E015E071
:0400000534181D612D
:00000001FF
